m,M,epsilon_of_M,avg_cost
0.0,0.0,0.5,0.009497961791748877
0.0,0.0,0.5,0.009675648379827833
0.0,0.0,0.5,0.009487665422170043
0.0,0.0,0.5,0.009600611793987746
0.0,0.0,0.5,0.009558738984846852
0.0,0.0,0.5,0.009579776950988274
0.0,0.0,0.5,0.009523533605177147
0.0,0.0,0.5,0.009560045047409541
0.0,0.0,0.5,0.00956243374557899
0.0,0.0,0.5,0.009641950353333694
0.0,0.0,0.5,0.009361688345899746
0.0,0.0,0.5,0.009592429536740235
0.0,0.0,0.5,0.009418887218354138
0.0,0.0,0.5,0.00959659882724853
0.0,0.0,0.5,0.0096296022909203
0.0,0.0,0.5,0.009677641978566786
0.0,0.0,0.5,0.009600823186770831
0.0,0.0,0.5,0.009276496476460562
0.0,0.0,0.5,0.0096406750224795
0.0,0.0,0.5,0.00958348238699829
0.01,0.01,0.5,0.009624710008163834
0.01,0.01,0.5,0.009670299865952879
0.01,0.01,0.5,0.009600371608179666
0.01,0.01,0.5,0.009731205632927835
0.01,0.01,0.5,0.00944397341604749
0.01,0.01,0.5,0.009699614282729072
0.01,0.01,0.5,0.00961380008168637
0.01,0.01,0.5,0.0096740000011076
0.01,0.01,0.5,0.009438759629259578
0.01,0.01,0.5,0.009544070940058456
0.01,0.01,0.5,0.009492541473755785
0.01,0.01,0.5,0.009535604307112568
0.01,0.01,0.5,0.00947526652035524
0.01,0.01,0.5,0.009626564306482583
0.01,0.01,0.5,0.009497468213210833
0.01,0.01,0.5,0.00957023573203298
0.01,0.01,0.5,0.009550823737906436
0.01,0.01,0.5,0.009595599277894443
0.01,0.01,0.5,0.009458361188496762
0.01,0.01,0.5,0.009593703126891132
0.02,0.02,0.5,0.00953448759723379
0.02,0.02,0.5,0.009731849077342042
0.02,0.02,0.5,0.009536967952763
0.02,0.02,0.5,0.00957662920213339
0.02,0.02,0.5,0.009618177961969438
0.02,0.02,0.5,0.009619458455687993
0.02,0.02,0.5,0.009430297332234652
0.02,0.02,0.5,0.009538587449219083
0.02,0.02,0.5,0.009591084919325544
0.02,0.02,0.5,0.009560151574835545
0.02,0.02,0.5,0.009472957070764596
0.02,0.02,0.5,0.009451410149239791
0.02,0.02,0.5,0.009468178025754767
0.02,0.02,0.5,0.009647920538722831
0.02,0.02,0.5,0.009657288399488496
0.02,0.02,0.5,0.009533163210930179
0.02,0.02,0.5,0.009468414221935404
0.02,0.02,0.5,0.00961485490404759
0.02,0.02,0.5,0.009548450914515647
0.02,0.02,0.5,0.009474712788077792
0.03,0.03,0.5,0.009562709517161441
0.03,0.03,0.5,0.00969711090450582
0.03,0.03,0.5,0.00955902273126003
0.03,0.03,0.5,0.009484978294645492
0.03,0.03,0.5,0.00959528854575972
0.03,0.03,0.5,0.009555953754813244
0.03,0.03,0.5,0.009644453862923745
0.03,0.03,0.5,0.009745308542284127
0.03,0.03,0.5,0.00957522374714364
0.03,0.03,0.5,0.009541959018050973
0.03,0.03,0.5,0.009605277928252519
0.03,0.03,0.5,0.009525183327203281
0.03,0.03,0.5,0.009597023991466617
0.03,0.03,0.5,0.009683136010757359
0.03,0.03,0.5,0.009651039692265708
0.03,0.03,0.5,0.009361975918264865
0.03,0.03,0.5,0.009589677231322443
0.03,0.03,0.5,0.009551295780703142
0.03,0.03,0.5,0.009437971262588269
0.03,0.03,0.5,0.009647011014370804
0.04,0.04,0.5,0.009486538617089282
0.04,0.04,0.5,0.009705125447784244
0.04,0.04,0.5,0.00968244976214237
0.04,0.04,0.5,0.009635862675671087
0.04,0.04,0.5,0.009607037229409006
0.04,0.04,0.5,0.009304010830782977
0.04,0.04,0.5,0.009639975002848224
0.04,0.04,0.5,0.009561665829977918
0.04,0.04,0.5,0.009490825414359933
0.04,0.04,0.5,0.009232514822773565
0.04,0.04,0.5,0.009591545154318683
0.04,0.04,0.5,0.009558570642018881
0.04,0.04,0.5,0.009481989132015515
0.04,0.04,0.5,0.009560794021955232
0.04,0.04,0.5,0.009578651071850124
0.04,0.04,0.5,0.00948355056638563
0.04,0.04,0.5,0.00959193924608745
0.04,0.04,0.5,0.009590561578207793
0.04,0.04,0.5,0.009560424514926474
0.04,0.04,0.5,0.009512647722378663
0.05,0.05,0.5,0.009633021588861286
0.05,0.05,0.5,0.00949208850762684
0.05,0.05,0.5,0.009635495459537027
0.05,0.05,0.5,0.009604587477271494
0.05,0.05,0.5,0.009582352047299623
0.05,0.05,0.5,0.00959374336455346
0.05,0.05,0.5,0.009583944136792298
0.05,0.05,0.5,0.009451384274385325
0.05,0.05,0.5,0.009683387584919387
0.05,0.05,0.5,0.00957473717159666
0.05,0.05,0.5,0.009433890487643816
0.05,0.05,0.5,0.009545908828077676
0.05,0.05,0.5,0.009634910882992571
0.05,0.05,0.5,0.009594951415956274
0.05,0.05,0.5,0.009487920689493879
0.05,0.05,0.5,0.009685047651396037
0.05,0.05,0.5,0.00934503214059174
0.05,0.05,0.5,0.009599543936640866
0.05,0.05,0.5,0.009635576608103944
0.05,0.05,0.5,0.009619154185553293
0.06,0.06,0.5,0.00950479785939681
0.06,0.06,0.5,0.00959794704217469
0.06,0.06,0.5,0.009322004225132782
0.06,0.06,0.5,0.009696749448533356
0.06,0.06,0.5,0.009524781505292653
0.06,0.06,0.5,0.00944623850975919
0.06,0.06,0.5,0.00949885206522321
0.06,0.06,0.5,0.009610953034052003
0.06,0.06,0.5,0.009505767078869878
0.06,0.06,0.5,0.009439006766137825
0.06,0.06,0.5,0.009640716335261236
0.06,0.06,0.5,0.009636214040811952
0.06,0.06,0.5,0.009607344606096708
0.06,0.06,0.5,0.009608392385030843
0.06,0.06,0.5,0.009617578174596454
0.06,0.06,0.5,0.00960246837812807
0.06,0.06,0.5,0.009499176760185827
0.06,0.06,0.5,0.009471444153348408
0.06,0.06,0.5,0.009658041187080153
0.06,0.06,0.5,0.009683085306959065
0.07,0.07,0.5,0.00960843954466539
0.07,0.07,0.5,0.009587570212715096
0.07,0.07,0.5,0.009286665372170419
0.07,0.07,0.5,0.009486611984965058
0.07,0.07,0.5,0.009524874357322624
0.07,0.07,0.5,0.009598556518769752
0.07,0.07,0.5,0.009657515194160044
0.07,0.07,0.5,0.009605225472420873
0.07,0.07,0.5,0.009574820987179626
0.07,0.07,0.5,0.009636394903459656
0.07,0.07,0.5,0.009654912201171345
0.07,0.07,0.5,0.009614718193699459
0.07,0.07,0.5,0.009724231292003978
0.07,0.07,0.5,0.009460233157683023
0.07,0.07,0.5,0.009327315676235723
0.07,0.07,0.5,0.009451673535454822
0.07,0.07,0.5,0.009656500120029112
0.07,0.07,0.5,0.009636811009486575
0.07,0.07,0.5,0.009610297710948285
0.07,0.07,0.5,0.009669683238771588
0.08,0.08,0.5,0.009727086218013319
0.08,0.08,0.5,0.009593607578634242
0.08,0.08,0.5,0.009343661968054306
0.08,0.08,0.5,0.009614379033845223
0.08,0.08,0.5,0.009523895895685279
0.08,0.08,0.5,0.009633683777443646
0.08,0.08,0.5,0.009414993516894163
0.08,0.08,0.5,0.009550408802128221
0.08,0.08,0.5,0.009581881464719798
0.08,0.08,0.5,0.009660057003042417
0.08,0.08,0.5,0.00931117260541025
0.08,0.08,0.5,0.009600749871326211
0.08,0.08,0.5,0.009615654373637874
0.08,0.08,0.5,0.009514676632195608
0.08,0.08,0.5,0.009552030371101918
0.08,0.08,0.5,0.009621941710373986
0.08,0.08,0.5,0.00968023754167037
0.08,0.08,0.5,0.009388308574783179
0.08,0.08,0.5,0.009453043273470997
0.08,0.08,0.5,0.009575540486852782
0.09,0.09,0.5,0.00965532240060311
0.09,0.09,0.5,0.009535382468469876
0.09,0.09,0.5,0.00929162242521036
0.09,0.09,0.5,0.009609600163130253
0.09,0.09,0.5,0.009605539671549385
0.09,0.09,0.5,0.00953054841239446
0.09,0.09,0.5,0.009630495644642129
0.09,0.09,0.5,0.009496880982113716
0.09,0.09,0.5,0.009635690113694733
0.09,0.09,0.5,0.009694607731520205
0.09,0.09,0.5,0.009633401549952658
0.09,0.09,0.5,0.009599091506659819
0.09,0.09,0.5,0.009555471684974781
0.09,0.09,0.5,0.009536580686939983
0.09,0.09,0.5,0.00961260143255057
0.09,0.09,0.5,0.00946871705558906
0.09,0.09,0.5,0.009583353809431037
0.09,0.09,0.5,0.0096129901504129
0.09,0.09,0.5,0.00963239300980589
0.09,0.09,0.5,0.009620589455044869
0.1,0.1,0.5,0.009620573802121413
0.1,0.1,0.5,0.009734366278808537
0.1,0.1,0.5,0.009563598114279726
0.1,0.1,0.5,0.00961817814496123
0.1,0.1,0.5,0.009678772380653244
0.1,0.1,0.5,0.00971712051673487
0.1,0.1,0.5,0.009579299134700197
0.1,0.1,0.5,0.009639133341453917
0.1,0.1,0.5,0.009637183758875272
0.1,0.1,0.5,0.009499943656041416
0.1,0.1,0.5,0.009511068766585614
0.1,0.1,0.5,0.009698354638479621
0.1,0.1,0.5,0.009551014386012786
0.1,0.1,0.5,0.009553620095602657
0.1,0.1,0.5,0.00964264864387659
0.1,0.1,0.5,0.00968762321557636
0.1,0.1,0.5,0.009549203940644098
0.1,0.1,0.5,0.009547529553044201
0.1,0.1,0.5,0.009343358369721106
0.1,0.1,0.5,0.009635449156183652
0.11,0.11,0.5,0.009406384260729674
0.11,0.11,0.5,0.009356447261284626
0.11,0.11,0.5,0.009540206848495835
0.11,0.11,0.5,0.009288117996473546
0.11,0.11,0.5,0.009502709968489705
0.11,0.11,0.5,0.00953805706361431
0.11,0.11,0.5,0.009504468044564635
0.11,0.11,0.5,0.00949142323746775
0.11,0.11,0.5,0.00976494480333343
0.11,0.11,0.5,0.009667856507472978
0.11,0.11,0.5,0.009656714358310992
0.11,0.11,0.5,0.009550405974870672
0.11,0.11,0.5,0.00966490355137502
0.11,0.11,0.5,0.009594816145438105
0.11,0.11,0.5,0.009661290355761559
0.11,0.11,0.5,0.009524371402539951
0.11,0.11,0.5,0.009685099323902708
0.11,0.11,0.5,0.009596801375645635
0.11,0.11,0.5,0.009589296059733377
0.11,0.11,0.5,0.009639221355176449
0.12,0.12,0.5,0.009556727295624557
0.12,0.12,0.5,0.009527459584098404
0.12,0.12,0.5,0.009537029250217176
0.12,0.12,0.5,0.009498925199235606
0.12,0.12,0.5,0.009453804165336843
0.12,0.12,0.5,0.009634020226055555
0.12,0.12,0.5,0.009638604214577327
0.12,0.12,0.5,0.009548490745140378
0.12,0.12,0.5,0.009523880798772416
0.12,0.12,0.5,0.009544304456515482
0.12,0.12,0.5,0.009382501423681413
0.12,0.12,0.5,0.009561586287398482
0.12,0.12,0.5,0.009609481927046287
0.12,0.12,0.5,0.009639989021397592
0.12,0.12,0.5,0.009681154903725071
0.12,0.12,0.5,0.009500047121550746
0.12,0.12,0.5,0.009555419719055921
0.12,0.12,0.5,0.009521308989544182
0.12,0.12,0.5,0.009583755298877112
0.12,0.12,0.5,0.009636756100059185
0.13,0.13,0.5,0.009651250170258462
0.13,0.13,0.5,0.009456341700780775
0.13,0.13,0.5,0.009591419578156698
0.13,0.13,0.5,0.00963898424035802
0.13,0.13,0.5,0.009437975575199584
0.13,0.13,0.5,0.00952661309854112
0.13,0.13,0.5,0.009596759458206651
0.13,0.13,0.5,0.00947110945837404
0.13,0.13,0.5,0.009505970481882542
0.13,0.13,0.5,0.009663998457172892
0.13,0.13,0.5,0.009655919059235546
0.13,0.13,0.5,0.009600637546650527
0.13,0.13,0.5,0.009553402022112068
0.13,0.13,0.5,0.009366128483856366
0.13,0.13,0.5,0.009629281632789935
0.13,0.13,0.5,0.009672320992431987
0.13,0.13,0.5,0.009605674693300292
0.13,0.13,0.5,0.009210431769487904
0.13,0.13,0.5,0.009579949037362279
0.13,0.13,0.5,0.009679124450528431
0.14,0.14,0.5,0.009543814194754224
0.14,0.14,0.5,0.009565812704355357
0.14,0.14,0.5,0.009556407935488015
0.14,0.14,0.5,0.009542156760977189
0.14,0.14,0.5,0.00959359864491801
0.14,0.14,0.5,0.00959108972088357
0.14,0.14,0.5,0.009568256212987049
0.14,0.14,0.5,0.009646131225640944
0.14,0.14,0.5,0.009657885584168408
0.14,0.14,0.5,0.009696751915270667
0.14,0.14,0.5,0.00949733448384128
0.14,0.14,0.5,0.009610879045941954
0.14,0.14,0.5,0.009580229105060255
0.14,0.14,0.5,0.009588241142790386
0.14,0.14,0.5,0.009654356678380173
0.14,0.14,0.5,0.009601622420376585
0.14,0.14,0.5,0.009540140118039449
0.14,0.14,0.5,0.009639582029222542
0.14,0.14,0.5,0.009447948982697026
0.14,0.14,0.5,0.009543789592289713
0.15,0.15,0.5,0.00958007058098927
0.15,0.15,0.5,0.009561467311840682
0.15,0.15,0.5,0.009625531751115706
0.15,0.15,0.5,0.00954860650619873
0.15,0.15,0.5,0.009591030390293263
0.15,0.15,0.5,0.009542398825197489
0.15,0.15,0.5,0.009553805607595943
0.15,0.15,0.5,0.009599628544196428
0.15,0.15,0.5,0.009561783462855964
0.15,0.15,0.5,0.009612279391782226
0.15,0.15,0.5,0.009593853790352297
0.15,0.15,0.5,0.009479473756170358
0.15,0.15,0.5,0.009576483598206474
0.15,0.15,0.5,0.009669312801794984
0.15,0.15,0.5,0.009533210257509835
0.15,0.15,0.5,0.009507039373656738
0.15,0.15,0.5,0.009602089856662407
0.15,0.15,0.5,0.009502721860041021
0.15,0.15,0.5,0.009629292310466261
0.15,0.15,0.5,0.00960032539703847
0.16,0.16,0.5,0.009613495913204161
0.16,0.16,0.5,0.0095535415815052
0.16,0.16,0.5,0.009641738249410609
0.16,0.16,0.5,0.009554726203713323
0.16,0.16,0.5,0.009682583681779204
0.16,0.16,0.5,0.009465495094599994
0.16,0.16,0.5,0.009435897965873847
0.16,0.16,0.5,0.009611657072833098
0.16,0.16,0.5,0.009609778899645798
0.16,0.16,0.5,0.009499613366619917
0.16,0.16,0.5,0.00937776942867785
0.16,0.16,0.5,0.009610081263574464
0.16,0.16,0.5,0.009613039007701725
0.16,0.16,0.5,0.009590202884213455
0.16,0.16,0.5,0.009592254460759307
0.16,0.16,0.5,0.009629049599757616
0.16,0.16,0.5,0.009672111247422725
0.16,0.16,0.5,0.009630329261418033
0.16,0.16,0.5,0.009541810883572567
0.16,0.16,0.5,0.009445325146020686
0.17,0.17,0.5,0.009513075837841138
0.17,0.17,0.5,0.00964329623579582
0.17,0.17,0.5,0.00953568787555605
0.17,0.17,0.5,0.00965913850713241
0.17,0.17,0.5,0.009570142156589263
0.17,0.17,0.5,0.009429367267176835
0.17,0.17,0.5,0.009639521219930945
0.17,0.17,0.5,0.009604871517503907
0.17,0.17,0.5,0.00956723631799084
0.17,0.17,0.5,0.009686497886353982
0.17,0.17,0.5,0.009518410821746405
0.17,0.17,0.5,0.009545875165310795
0.17,0.17,0.5,0.009336088497557182
0.17,0.17,0.5,0.009567122727120155
0.17,0.17,0.5,0.009551584048327478
0.17,0.17,0.5,0.009595672651966812
0.17,0.17,0.5,0.009488227323863074
0.17,0.17,0.5,0.009554014525585089
0.17,0.17,0.5,0.009551290485059939
0.17,0.17,0.5,0.00961213301512592
0.18,0.18,0.5,0.009262775966655952
0.18,0.18,0.5,0.009621745773987063
0.18,0.18,0.5,0.009361836807998535
0.18,0.18,0.5,0.009604396102780398
0.18,0.18,0.5,0.009422224277935364
0.18,0.18,0.5,0.00963645152533497
0.18,0.18,0.5,0.009540840232928855
0.18,0.18,0.5,0.009511377424838418
0.18,0.18,0.5,0.009545749580818807
0.18,0.18,0.5,0.009552350893973676
0.18,0.18,0.5,0.009525960157902358
0.18,0.18,0.5,0.009633918527280998
0.18,0.18,0.5,0.00956673991823986
0.18,0.18,0.5,0.009556934331727466
0.18,0.18,0.5,0.009610153434065455
0.18,0.18,0.5,0.009425950806322908
0.18,0.18,0.5,0.009587205120490674
0.18,0.18,0.5,0.009547880664431428
0.18,0.18,0.5,0.009591923537191106
0.18,0.18,0.5,0.00957732153295414
0.19,0.19,0.5,0.009596292935860711
0.19,0.19,0.5,0.009489486736657515
0.19,0.19,0.5,0.009440730997924954
0.19,0.19,0.5,0.009686715141366925
0.19,0.19,0.5,0.00957743382282862
0.19,0.19,0.5,0.009261218983050653
0.19,0.19,0.5,0.009491122556075258
0.19,0.19,0.5,0.009524997096743554
0.19,0.19,0.5,0.009562026079443174
0.19,0.19,0.5,0.009602414623734425
0.19,0.19,0.5,0.00942442269019938
0.19,0.19,0.5,0.009649633706115667
0.19,0.19,0.5,0.009601023461517916
0.19,0.19,0.5,0.009522421027685947
0.19,0.19,0.5,0.009585037501915653
0.19,0.19,0.5,0.00960048105784809
0.19,0.19,0.5,0.009707848498530484
0.19,0.19,0.5,0.009637738880943585
0.19,0.19,0.5,0.009639201755334116
0.19,0.19,0.5,0.009562721232053269
0.2,0.2,0.5,0.009609445365433672
0.2,0.2,0.5,0.00958650115288791
0.2,0.2,0.5,0.009632053755594297
0.2,0.2,0.5,0.009628742944980897
0.2,0.2,0.5,0.009309219896138638
0.2,0.2,0.5,0.0095470908251318
0.2,0.2,0.5,0.009632555964493686
0.2,0.2,0.5,0.009438165471830873
0.2,0.2,0.5,0.0095515603920588
0.2,0.2,0.5,0.009629484658750652
0.2,0.2,0.5,0.009562392258275312
0.2,0.2,0.5,0.00939293938467024
0.2,0.2,0.5,0.009576785635928967
0.2,0.2,0.5,0.00967585693751825
0.2,0.2,0.5,0.00959348859632226
0.2,0.2,0.5,0.009629808616663077
0.2,0.2,0.5,0.009607635404063574
0.2,0.2,0.5,0.009618881816214451
0.2,0.2,0.5,0.00962792215751796
0.2,0.2,0.5,0.009593919067233711
0.21,0.21,0.5,0.00966576685556303
0.21,0.21,0.5,0.009726347768754598
0.21,0.21,0.5,0.009679173629757468
0.21,0.21,0.5,0.009658306057314645
0.21,0.21,0.5,0.009603835919256794
0.21,0.21,0.5,0.009502424213124985
0.21,0.21,0.5,0.00958200838206897
0.21,0.21,0.5,0.009440668403355723
0.21,0.21,0.5,0.009542828909035874
0.21,0.21,0.5,0.009352348004957857
0.21,0.21,0.5,0.009489884771466011
0.21,0.21,0.5,0.009637853207621817
0.21,0.21,0.5,0.009642463470797027
0.21,0.21,0.5,0.009307964455464866
0.21,0.21,0.5,0.00949588425612344
0.21,0.21,0.5,0.009509724700669948
0.21,0.21,0.5,0.009567982265661627
0.21,0.21,0.5,0.009700258668670341
0.21,0.21,0.5,0.009383261470286263
0.21,0.21,0.5,0.009633091848412241
0.22,0.22,0.5,0.009630627548883431
0.22,0.22,0.5,0.009633715132020292
0.22,0.22,0.5,0.009596255996993966
0.22,0.22,0.5,0.009602924576157414
0.22,0.22,0.5,0.009614582547139311
0.22,0.22,0.5,0.009607650775072939
0.22,0.22,0.5,0.009531102310756524
0.22,0.22,0.5,0.009565002807285904
0.22,0.22,0.5,0.00934583797377538
0.22,0.22,0.5,0.009517694763300383
0.22,0.22,0.5,0.0095047285078046
0.22,0.22,0.5,0.009596606789152856
0.22,0.22,0.5,0.00954768578779725
0.22,0.22,0.5,0.009649906367148235
0.22,0.22,0.5,0.009280511263241713
0.22,0.22,0.5,0.009591490249787699
0.22,0.22,0.5,0.009606455776664018
0.22,0.22,0.5,0.009433047279406897
0.22,0.22,0.5,0.009481338558223022
0.22,0.22,0.5,0.009629037101609698
0.23,0.23,0.5,0.009378531044731405
0.23,0.23,0.5,0.009488260293061782
0.23,0.23,0.5,0.009507361580215892
0.23,0.23,0.5,0.009588590624963256
0.23,0.23,0.5,0.00956577276030892
0.23,0.23,0.5,0.009508080738904882
0.23,0.23,0.5,0.009577114544649455
0.23,0.23,0.5,0.009552173746511497
0.23,0.23,0.5,0.009504018387650207
0.23,0.23,0.5,0.009582878567361263
0.23,0.23,0.5,0.009679275082157407
0.23,0.23,0.5,0.009638500574423652
0.23,0.23,0.5,0.009523713027504955
0.23,0.23,0.5,0.009459526782357593
0.23,0.23,0.5,0.009222978709433973
0.23,0.23,0.5,0.009530304409649306
0.23,0.23,0.5,0.009614628500589296
0.23,0.23,0.5,0.009584656833864448
0.23,0.23,0.5,0.0095102384906804
0.23,0.23,0.5,0.009549062569867761
0.24,0.24,0.5,0.009402205709368722
0.24,0.24,0.5,0.009540887692666289
0.24,0.24,0.5,0.009575500437021817
0.24,0.24,0.5,0.009592548674746007
0.24,0.24,0.5,0.009554254499651577
0.24,0.24,0.5,0.009726747472691283
0.24,0.24,0.5,0.009534668049631663
0.24,0.24,0.5,0.009668336112101357
0.24,0.24,0.5,0.009557828954963576
0.24,0.24,0.5,0.009536963036251145
0.24,0.24,0.5,0.009553476755056028
0.24,0.24,0.5,0.009506696315808763
0.24,0.24,0.5,0.009622780612270041
0.24,0.24,0.5,0.009565716945185326
0.24,0.24,0.5,0.009592872005645901
0.24,0.24,0.5,0.009645453495193208
0.24,0.24,0.5,0.009634325383885011
0.24,0.24,0.5,0.009603266760615809
0.24,0.24,0.5,0.009669504156565298
0.24,0.24,0.5,0.009708642281146575
0.25,0.25,0.5,0.009668815286057203
0.25,0.25,0.5,0.009514483714719578
0.25,0.25,0.5,0.009605334515817658
0.25,0.25,0.5,0.009648840916109444
0.25,0.25,0.5,0.009568895315602888
0.25,0.25,0.5,0.009670836109195833
0.25,0.25,0.5,0.009510799734149818
0.25,0.25,0.5,0.00956021970728339
0.25,0.25,0.5,0.009583638753027082
0.25,0.25,0.5,0.009546707297556148
0.25,0.25,0.5,0.009330587813698743
0.25,0.25,0.5,0.009609741678238711
0.25,0.25,0.5,0.009653661231721655
0.25,0.25,0.5,0.009361255873860769
0.25,0.25,0.5,0.009578101823974661
0.25,0.25,0.5,0.009738117968716885
0.25,0.25,0.5,0.009598086327163554
0.25,0.25,0.5,0.009539219780723265
0.25,0.25,0.5,0.009591196172785844
0.25,0.25,0.5,0.00969605137416151
0.26,0.26,0.5,0.009607341403278544
0.26,0.26,0.5,0.009600544044385055
0.26,0.26,0.5,0.009622976259294286
0.26,0.26,0.5,0.009635881792927925
0.26,0.26,0.5,0.009605995345487008
0.26,0.26,0.5,0.009525050761088942
0.26,0.26,0.5,0.009511422025330398
0.26,0.26,0.5,0.009553309761490438
0.26,0.26,0.5,0.009711977861378115
0.26,0.26,0.5,0.009393546137442501
0.26,0.26,0.5,0.009493487298637538
0.26,0.26,0.5,0.009678973430527099
0.26,0.26,0.5,0.00959000449303179
0.26,0.26,0.5,0.009274962769931094
0.26,0.26,0.5,0.009584117572065757
0.26,0.26,0.5,0.009660803858545914
0.26,0.26,0.5,0.009494545352031281
0.26,0.26,0.5,0.009554403271371931
0.26,0.26,0.5,0.00969241307751811
0.26,0.26,0.5,0.009575908692899116
0.27,0.27,0.5,0.0096524501445366
0.27,0.27,0.5,0.009599593187824383
0.27,0.27,0.5,0.009557206359430987
0.27,0.27,0.5,0.009671762850367673
0.27,0.27,0.5,0.00955996314362801
0.27,0.27,0.5,0.009526809459266549
0.27,0.27,0.5,0.00954325716713178
0.27,0.27,0.5,0.009639006778847367
0.27,0.27,0.5,0.009521723616292842
0.27,0.27,0.5,0.009638753920457648
0.27,0.27,0.5,0.009456295819502619
0.27,0.27,0.5,0.00947955524194967
0.27,0.27,0.5,0.00960728233758406
0.27,0.27,0.5,0.009629223437635495
0.27,0.27,0.5,0.00955447829083385
0.27,0.27,0.5,0.009491429461501671
0.27,0.27,0.5,0.009455774994837445
0.27,0.27,0.5,0.00959736570744639
0.27,0.27,0.5,0.009652791555591308
0.27,0.27,0.5,0.009568988472268662
0.28,0.28,0.5,0.009587363368105456
0.28,0.28,0.5,0.009675478030201941
0.28,0.28,0.5,0.009543901987754332
0.28,0.28,0.5,0.00960692914876514
0.28,0.28,0.5,0.00948236613136012
0.28,0.28,0.5,0.009372507831691617
0.28,0.28,0.5,0.009429028643766322
0.28,0.28,0.5,0.009654599408645019
0.28,0.28,0.5,0.009583857863346418
0.28,0.28,0.5,0.009650204283989867
0.28,0.28,0.5,0.009622641521626518
0.28,0.28,0.5,0.009168763531285214
0.28,0.28,0.5,0.009552810695580127
0.28,0.28,0.5,0.009678444562347467
0.28,0.28,0.5,0.009642009156528948
0.28,0.28,0.5,0.009525589356678738
0.28,0.28,0.5,0.009722984317353056
0.28,0.28,0.5,0.009389596247746162
0.28,0.28,0.5,0.009670645211284403
0.28,0.28,0.5,0.009705706379598585
0.29,0.29,0.5,0.009640014920693047
0.29,0.29,0.5,0.009429450377578516
0.29,0.29,0.5,0.009581155565725748
0.29,0.29,0.5,0.009664251972178975
0.29,0.29,0.5,0.009638037927016136
0.29,0.29,0.5,0.009694001082227443
0.29,0.29,0.5,0.009559289233144135
0.29,0.29,0.5,0.009726709965284238
0.29,0.29,0.5,0.009691795158321992
0.29,0.29,0.5,0.009477898009390974
0.29,0.29,0.5,0.009596243121816464
0.29,0.29,0.5,0.009622952333519418
0.29,0.29,0.5,0.009584129948750313
0.29,0.29,0.5,0.009436731123865862
0.29,0.29,0.5,0.00956808403733684
0.29,0.29,0.5,0.009522734571581789
0.29,0.29,0.5,0.009561449591907077
0.29,0.29,0.5,0.009541140149966975
0.29,0.29,0.5,0.00946658798318633
0.29,0.29,0.5,0.009517700640771468
0.3,0.3,0.5,0.009522784198189953
0.3,0.3,0.5,0.009720041440633164
0.3,0.3,0.5,0.009657014333021711
0.3,0.3,0.5,0.00963472421368221
0.3,0.3,0.5,0.00966055047706857
0.3,0.3,0.5,0.009571839451527557
0.3,0.3,0.5,0.009672585424235252
0.3,0.3,0.5,0.009552814686276632
0.3,0.3,0.5,0.009529619719048308
0.3,0.3,0.5,0.009649974704627324
0.3,0.3,0.5,0.00955497278895582
0.3,0.3,0.5,0.009635072204562634
0.3,0.3,0.5,0.009470637581418829
0.3,0.3,0.5,0.009545039390931128
0.3,0.3,0.5,0.009643798177738508
0.3,0.3,0.5,0.009579021122083064
0.3,0.3,0.5,0.009675125872938605
0.3,0.3,0.5,0.009660407653153083
0.3,0.3,0.5,0.009469069544772179
0.3,0.3,0.5,0.009413196224625464
0.31,0.31,0.5,0.009712509977443518
0.31,0.31,0.5,0.009532093443222067
0.31,0.31,0.5,0.009569386974773303
0.31,0.31,0.5,0.009637323911378903
0.31,0.31,0.5,0.009560256284874254
0.31,0.31,0.5,0.009583313407184622
0.31,0.31,0.5,0.009447016048447606
0.31,0.31,0.5,0.009408034152142366
0.31,0.31,0.5,0.00953609019475874
0.31,0.31,0.5,0.00946907836818358
0.31,0.31,0.5,0.009359934983491448
0.31,0.31,0.5,0.009625002234851486
0.31,0.31,0.5,0.009237129520570148
0.31,0.31,0.5,0.009512258600959937
0.31,0.31,0.5,0.009540183485743235
0.31,0.31,0.5,0.009595628832786337
0.31,0.31,0.5,0.00958117954325119
0.31,0.31,0.5,0.009468717726525773
0.31,0.31,0.5,0.009542844914166109
0.31,0.31,0.5,0.009560851866444736
0.32,0.32,0.5,0.009540005901507203
0.32,0.32,0.5,0.009633882833895525
0.32,0.32,0.5,0.009556689838713007
0.32,0.32,0.5,0.009533040915482375
0.32,0.32,0.5,0.00937003071913205
0.32,0.32,0.5,0.009640817994470502
0.32,0.32,0.5,0.00948819703095341
0.32,0.32,0.5,0.00955923069707286
0.32,0.32,0.5,0.009508717781023522
0.32,0.32,0.5,0.009603619086952122
0.32,0.32,0.5,0.009594243711359965
0.32,0.32,0.5,0.00972500540618191
0.32,0.32,0.5,0.009601490077836845
0.32,0.32,0.5,0.009414689264648779
0.32,0.32,0.5,0.009448305631956325
0.32,0.32,0.5,0.009653346035533007
0.32,0.32,0.5,0.009685712733568781
0.32,0.32,0.5,0.009508607117765777
0.32,0.32,0.5,0.009214611110604766
0.32,0.32,0.5,0.009611294097412537
0.33,0.33,0.5,0.009492583279790044
0.33,0.33,0.5,0.009328718073019588
0.33,0.33,0.5,0.009619575267882766
0.33,0.33,0.5,0.009600407803787354
0.33,0.33,0.5,0.009521582448768037
0.33,0.33,0.5,0.009646711340613933
0.33,0.33,0.5,0.009603489589117368
0.33,0.33,0.5,0.009598939211322165
0.33,0.33,0.5,0.009632631089383885
0.33,0.33,0.5,0.009454105306777223
0.33,0.33,0.5,0.009483449944551803
0.33,0.33,0.5,0.009567412969635702
0.33,0.33,0.5,0.009599987842342228
0.33,0.33,0.5,0.009691930513111102
0.33,0.33,0.5,0.009637913941265319
0.33,0.33,0.5,0.009640660985499752
0.33,0.33,0.5,0.00958757995913951
0.33,0.33,0.5,0.009573771124540545
0.33,0.33,0.5,0.009449711660440854
0.33,0.33,0.5,0.00958783482210237
0.34,0.34,0.5,0.009580878177053916
0.34,0.34,0.5,0.009632222620277082
0.34,0.34,0.5,0.009692176620727092
0.34,0.34,0.5,0.009530895483251877
0.34,0.34,0.5,0.009627801541916363
0.34,0.34,0.5,0.009573247914829379
0.34,0.34,0.5,0.009638738373145364
0.34,0.34,0.5,0.009580354612677103
0.34,0.34,0.5,0.00951734592092327
0.34,0.34,0.5,0.009570771311290393
0.34,0.34,0.5,0.009528696916942636
0.34,0.34,0.5,0.009331638732825677
0.34,0.34,0.5,0.009473929474136661
0.34,0.34,0.5,0.009557826837342432
0.34,0.34,0.5,0.009698077215001112
0.34,0.34,0.5,0.009640775061757138
0.34,0.34,0.5,0.009561289032530784
0.34,0.34,0.5,0.009542180276689093
0.34,0.34,0.5,0.009630546982216914
0.34,0.34,0.5,0.0095488734199264
0.35,0.35,0.5,0.009552212758952919
0.35,0.35,0.5,0.009588096811413796
0.35,0.35,0.5,0.00954115917270936
0.35,0.35,0.5,0.009586123860412792
0.35,0.35,0.5,0.009494087292756179
0.35,0.35,0.5,0.009505354176072189
0.35,0.35,0.5,0.009524382339521093
0.35,0.35,0.5,0.009591965033753081
0.35,0.35,0.5,0.009607876813841988
0.35,0.35,0.5,0.009328641109406644
0.35,0.35,0.5,0.009522076212628227
0.35,0.35,0.5,0.0094000774994583
0.35,0.35,0.5,0.009564093367668738
0.35,0.35,0.5,0.009553174064752364
0.35,0.35,0.5,0.009587439399760695
0.35,0.35,0.5,0.009588212269785642
0.35,0.35,0.5,0.009520933266210962
0.35,0.35,0.5,0.00952421592835603
0.35,0.35,0.5,0.009621304962954819
0.35,0.35,0.5,0.009493933105651607
0.36,0.36,0.5,0.009417168926329246
0.36,0.36,0.5,0.009478841315839055
0.36,0.36,0.5,0.00962774513444228
0.36,0.36,0.5,0.009599180232586805
0.36,0.36,0.5,0.009427052120531708
0.36,0.36,0.5,0.00961769295731034
0.36,0.36,0.5,0.009597340303137011
0.36,0.36,0.5,0.009468188839239252
0.36,0.36,0.5,0.009603601308207442
0.36,0.36,0.5,0.009539319072933077
0.36,0.36,0.5,0.009657392625395082
0.36,0.36,0.5,0.009540398633691643
0.36,0.36,0.5,0.00958927687402606
0.36,0.36,0.5,0.009630793637642394
0.36,0.36,0.5,0.00949955550329994
0.36,0.36,0.5,0.009484611381871632
0.36,0.36,0.5,0.00961776063354355
0.36,0.36,0.5,0.00960254941234383
0.36,0.36,0.5,0.00933594327836824
0.36,0.36,0.5,0.009592504078033172
0.37,0.37,0.5,0.00949843436073789
0.37,0.37,0.5,0.009672099222664755
0.37,0.37,0.5,0.00964674757075832
0.37,0.37,0.5,0.009602989262466992
0.37,0.37,0.5,0.009618023375409027
0.37,0.37,0.5,0.009433983152688376
0.37,0.37,0.5,0.009627218244804458
0.37,0.37,0.5,0.009559593464012457
0.37,0.37,0.5,0.009582813793964855
0.37,0.37,0.5,0.009610402191452904
0.37,0.37,0.5,0.009522165623421475
0.37,0.37,0.5,0.009491830028626455
0.37,0.37,0.5,0.009541509412821501
0.37,0.37,0.5,0.009603449179726713
0.37,0.37,0.5,0.00959941484660817
0.37,0.37,0.5,0.009599261154888218
0.37,0.37,0.5,0.009576363980810399
0.37,0.37,0.5,0.009460520147412442
0.37,0.37,0.5,0.009564059248640826
0.37,0.37,0.5,0.009541807898585752
0.38,0.38,0.5,0.009342410050596757
0.38,0.38,0.5,0.009347467432076572
0.38,0.38,0.5,0.009556868019541835
0.38,0.38,0.5,0.009633606277239483
0.38,0.38,0.5,0.009617837100367777
0.38,0.38,0.5,0.009506726168750371
0.38,0.38,0.5,0.009653612270054407
0.38,0.38,0.5,0.009485189783800476
0.38,0.38,0.5,0.009530004718684221
0.38,0.38,0.5,0.009560366936445335
0.38,0.38,0.5,0.009530292725578393
0.38,0.38,0.5,0.00957799917871537
0.38,0.38,0.5,0.009580775281359722
0.38,0.38,0.5,0.009584327062221818
0.38,0.38,0.5,0.009605157634543735
0.38,0.38,0.5,0.009528884248244093
0.38,0.38,0.5,0.009680741191662763
0.38,0.38,0.5,0.009523843696385575
0.38,0.38,0.5,0.009500832941469715
0.38,0.38,0.5,0.009594498370932262
0.39,0.39,0.5,0.009506318266193787
0.39,0.39,0.5,0.009655224900225362
0.39,0.39,0.5,0.009398616995739685
0.39,0.39,0.5,0.009542218197425584
0.39,0.39,0.5,0.009345976509636008
0.39,0.39,0.5,0.009653762009234183
0.39,0.39,0.5,0.009602884710263174
0.39,0.39,0.5,0.00962156308401141
0.39,0.39,0.5,0.009418093375458195
0.39,0.39,0.5,0.009506769771976242
0.39,0.39,0.5,0.009689734447131833
0.39,0.39,0.5,0.009526629670673756
0.39,0.39,0.5,0.00949143845266442
0.39,0.39,0.5,0.009295532638894374
0.39,0.39,0.5,0.00956289870347906
0.39,0.39,0.5,0.009616136990167154
0.39,0.39,0.5,0.009611803633753965
0.39,0.39,0.5,0.009565053176649106
0.39,0.39,0.5,0.009536835429252332
0.39,0.39,0.5,0.009257229628547104
0.4,0.4,0.5,0.00963096720602685
0.4,0.4,0.5,0.00960010181877375
0.4,0.4,0.5,0.009651502944233935
0.4,0.4,0.5,0.009711247669431091
0.4,0.4,0.5,0.009545981862950567
0.4,0.4,0.5,0.009517484796889833
0.4,0.4,0.5,0.009529589284125409
0.4,0.4,0.5,0.00961286457619584
0.4,0.4,0.5,0.00960926762812418
0.4,0.4,0.5,0.009409211143487731
0.4,0.4,0.5,0.009403125251813244
0.4,0.4,0.5,0.00959240124315333
0.4,0.4,0.5,0.009437575510470277
0.4,0.4,0.5,0.009520744595770674
0.4,0.4,0.5,0.009485659866961631
0.4,0.4,0.5,0.009484243259977819
0.4,0.4,0.5,0.00953335325331065
0.4,0.4,0.5,0.009709310288527282
0.4,0.4,0.5,0.009444156340441623
0.4,0.4,0.5,0.009656997255215134
0.41,0.41,0.5,0.009628554594410758
0.41,0.41,0.5,0.009644949405235954
0.41,0.41,0.5,0.009664275666868888
0.41,0.41,0.5,0.009335228703066252
0.41,0.41,0.5,0.009658737500380961
0.41,0.41,0.5,0.009591422845050284
0.41,0.41,0.5,0.009586358988891047
0.41,0.41,0.5,0.00966261723744854
0.41,0.41,0.5,0.009641757398263189
0.41,0.41,0.5,0.009495184185012655
0.41,0.41,0.5,0.009624686467499616
0.41,0.41,0.5,0.009592371667412818
0.41,0.41,0.5,0.009605658738361424
0.41,0.41,0.5,0.009593086404653567
0.41,0.41,0.5,0.009544769943276823
0.41,0.41,0.5,0.00941808678493552
0.41,0.41,0.5,0.009592312922508719
0.41,0.41,0.5,0.009686001647956542
0.41,0.41,0.5,0.009585000307206454
0.41,0.41,0.5,0.009571182977953977
0.42,0.42,0.5,0.009542860480926485
0.42,0.42,0.5,0.009494089463760172
0.42,0.42,0.5,0.009648008294827598
0.42,0.42,0.5,0.009548425830697918
0.42,0.42,0.5,0.009593046201872853
0.42,0.42,0.5,0.009563728771916875
0.42,0.42,0.5,0.009637979663485723
0.42,0.42,0.5,0.009582184197295632
0.42,0.42,0.5,0.009667257236563026
0.42,0.42,0.5,0.009447524679507796
0.42,0.42,0.5,0.009619824782807603
0.42,0.42,0.5,0.009554709483596841
0.42,0.42,0.5,0.009427974539135908
0.42,0.42,0.5,0.009652309467004625
0.42,0.42,0.5,0.009547030307711984
0.42,0.42,0.5,0.009546458171829112
0.42,0.42,0.5,0.009478396605403758
0.42,0.42,0.5,0.009433964276204625
0.42,0.42,0.5,0.009465928533109414
0.42,0.42,0.5,0.00951368340613077
0.43,0.43,0.5,0.00947665153088241
0.43,0.43,0.5,0.009604281837636307
0.43,0.43,0.5,0.009630494887145331
0.43,0.43,0.5,0.009482512483664933
0.43,0.43,0.5,0.009640264918981034
0.43,0.43,0.5,0.00953663500123154
0.43,0.43,0.5,0.009664839278126667
0.43,0.43,0.5,0.009467905261551246
0.43,0.43,0.5,0.009444057586282887
0.43,0.43,0.5,0.009553098981760716
0.43,0.43,0.5,0.009622991548312977
0.43,0.43,0.5,0.009628300030252744
0.43,0.43,0.5,0.00935387074632843
0.43,0.43,0.5,0.009612043489475442
0.43,0.43,0.5,0.009701423441738263
0.43,0.43,0.5,0.009688402880678036
0.43,0.43,0.5,0.009531423312822395
0.43,0.43,0.5,0.009590691370736287
0.43,0.43,0.5,0.009609831681913854
0.43,0.43,0.5,0.00942884450894768
0.44,0.44,0.5,0.009599604675066641
0.44,0.44,0.5,0.009428675005400993
0.44,0.44,0.5,0.009623607895717487
0.44,0.44,0.5,0.0095400681732933
0.44,0.44,0.5,0.009675526427939517
0.44,0.44,0.5,0.009564345665102177
0.44,0.44,0.5,0.009610040732680847
0.44,0.44,0.5,0.009555845465076838
0.44,0.44,0.5,0.00958581099059221
0.44,0.44,0.5,0.00947616678569091
0.44,0.44,0.5,0.009497266831549856
0.44,0.44,0.5,0.00961808118804116
0.44,0.44,0.5,0.00964852003874902
0.44,0.44,0.5,0.009563381796510284
0.44,0.44,0.5,0.009242873086972666
0.44,0.44,0.5,0.009672700818394825
0.44,0.44,0.5,0.00960092350152879
0.44,0.44,0.5,0.009625652236118538
0.44,0.44,0.5,0.00966802912684229
0.44,0.44,0.5,0.009632017885285987
0.45,0.45,0.5,0.009585561409241924
0.45,0.45,0.5,0.009557383573273273
0.45,0.45,0.5,0.009480712996250215
0.45,0.45,0.5,0.009441606926897151
0.45,0.45,0.5,0.009420257455700019
0.45,0.45,0.5,0.009675649208367325
0.45,0.45,0.5,0.009570857064347979
0.45,0.45,0.5,0.009316453969992094
0.45,0.45,0.5,0.009389334141217074
0.45,0.45,0.5,0.009603872997284733
0.45,0.45,0.5,0.009546267990283477
0.45,0.45,0.5,0.009579533556590693
0.45,0.45,0.5,0.009643749695785067
0.45,0.45,0.5,0.009718649135253143
0.45,0.45,0.5,0.009568849457854578
0.45,0.45,0.5,0.009599534067251536
0.45,0.45,0.5,0.009532193563548709
0.45,0.45,0.5,0.009528089360282847
0.45,0.45,0.5,0.009635496446311126
0.45,0.45,0.5,0.009708241849426447
0.46,0.46,0.5,0.009589482216940693
0.46,0.46,0.5,0.00961168163842289
0.46,0.46,0.5,0.009650164696722674
0.46,0.46,0.5,0.009316864721015622
0.46,0.46,0.5,0.009408022457171423
0.46,0.46,0.5,0.009586247257827328
0.46,0.46,0.5,0.00955511165123275
0.46,0.46,0.5,0.009578142414075735
0.46,0.46,0.5,0.009555835367567635
0.46,0.46,0.5,0.009600151920485944
0.46,0.46,0.5,0.00941614492534014
0.46,0.46,0.5,0.009630615040621307
0.46,0.46,0.5,0.009562907097628828
0.46,0.46,0.5,0.009534879948982476
0.46,0.46,0.5,0.009549041904036791
0.46,0.46,0.5,0.009656476082136312
0.46,0.46,0.5,0.009510341919547744
0.46,0.46,0.5,0.009629389631906616
0.46,0.46,0.5,0.009658588101387753
0.46,0.46,0.5,0.00957600763416769
0.47,0.47,0.5,0.009577381332618077
0.47,0.47,0.5,0.009603736844163383
0.47,0.47,0.5,0.00945535907753015
0.47,0.47,0.5,0.009616739421184217
0.47,0.47,0.5,0.009537118948604068
0.47,0.47,0.5,0.009522083683372918
0.47,0.47,0.5,0.009627773752935935
0.47,0.47,0.5,0.009708629834153262
0.47,0.47,0.5,0.009740570317607203
0.47,0.47,0.5,0.009705429742624441
0.47,0.47,0.5,0.009592278053832122
0.47,0.47,0.5,0.009583141686063737
0.47,0.47,0.5,0.009328420926467068
0.47,0.47,0.5,0.009573146206729513
0.47,0.47,0.5,0.009539393367620434
0.47,0.47,0.5,0.009581145599977406
0.47,0.47,0.5,0.009325453014815067
0.47,0.47,0.5,0.009314006103394112
0.47,0.47,0.5,0.009646446850118125
0.47,0.47,0.5,0.00967377347270452
0.48,0.48,0.5,0.009583481353831018
0.48,0.48,0.5,0.009621945661240729
0.48,0.48,0.5,0.009385402855936063
0.48,0.48,0.5,0.00970628443026067
0.48,0.48,0.5,0.009514567028857297
0.48,0.48,0.5,0.009537609119563919
0.48,0.48,0.5,0.009516765319779408
0.48,0.48,0.5,0.009341136612499638
0.48,0.48,0.5,0.009630463939553554
0.48,0.48,0.5,0.00949447877928506
0.48,0.48,0.5,0.009578281472693642
0.48,0.48,0.5,0.009531547580790965
0.48,0.48,0.5,0.00971997080470478
0.48,0.48,0.5,0.009698801331124506
0.48,0.48,0.5,0.009499897478262409
0.48,0.48,0.5,0.009608516228926821
0.48,0.48,0.5,0.009540174300213543
0.48,0.48,0.5,0.00943309208139791
0.48,0.48,0.5,0.009644490841022311
0.48,0.48,0.5,0.009576797772920748
0.49,0.49,0.5,0.009353953862401804
0.49,0.49,0.5,0.009616315414791809
0.49,0.49,0.5,0.009612236661796662
0.49,0.49,0.5,0.009619084544192701
0.49,0.49,0.5,0.009680492552775664
0.49,0.49,0.5,0.009648043664079698
0.49,0.49,0.5,0.009590056082746833
0.49,0.49,0.5,0.009400675407510627
0.49,0.49,0.5,0.009765339706507958
0.49,0.49,0.5,0.00951394921120933
0.49,0.49,0.5,0.009580185356327025
0.49,0.49,0.5,0.009592641118874324
0.49,0.49,0.5,0.009604939291217314
0.49,0.49,0.5,0.009572875223128231
0.49,0.49,0.5,0.009638154782691982
0.49,0.49,0.5,0.009525272665120871
0.49,0.49,0.5,0.009600236539162015
0.49,0.49,0.5,0.009595568056399155
0.49,0.49,0.5,0.009554087761027336
0.49,0.49,0.5,0.00952037444381405
0.5,0.5,0.5,0.009543515970703149
0.5,0.5,0.5,0.009584154025344651
0.5,0.5,0.5,0.009544023648025108
0.5,0.5,0.5,0.009592823404702333
0.5,0.5,0.5,0.00955595201124729
0.5,0.5,0.5,0.009611833322128054
0.5,0.5,0.5,0.009605217639791504
0.5,0.5,0.5,0.00958238352804001
0.5,0.5,0.5,0.00966298175621778
0.5,0.5,0.5,0.009614819946080847
0.5,0.5,0.5,0.009657275652283725
0.5,0.5,0.5,0.009525989884929989
0.5,0.5,0.5,0.00961816041856327
0.5,0.5,0.5,0.009718833390339606
0.5,0.5,0.5,0.009544980686933954
0.5,0.5,0.5,0.009652475380404063
0.5,0.5,0.5,0.009466417815725863
0.5,0.5,0.5,0.009712825366349605
0.5,0.5,0.5,0.009614558552216004
0.5,0.5,0.5,0.009617715340639993
0.51,0.51,0.5,0.009590346026680444
0.51,0.51,0.5,0.009501359084620423
0.51,0.51,0.5,0.009527005195261225
0.51,0.51,0.5,0.009531729596897175
0.51,0.51,0.5,0.009572938680759924
0.51,0.51,0.5,0.009614293974619251
0.51,0.51,0.5,0.009673020248390486
0.51,0.51,0.5,0.00966366664806936
0.51,0.51,0.5,0.009516008123951694
0.51,0.51,0.5,0.00962930576682524
0.51,0.51,0.5,0.009583569643281694
0.51,0.51,0.5,0.009463592902679256
0.51,0.51,0.5,0.009496251597790169
0.51,0.51,0.5,0.009623356399464149
0.51,0.51,0.5,0.009500207234592103
0.51,0.51,0.5,0.00955949784079256
0.51,0.51,0.5,0.009652478462269192
0.51,0.51,0.5,0.009570462077296688
0.51,0.51,0.5,0.009529191895042862
0.51,0.51,0.5,0.00951230523436946
0.52,0.52,0.5,0.009530889180775026
0.52,0.52,0.5,0.009665933652717956
0.52,0.52,0.5,0.009525080948162625
0.52,0.52,0.5,0.00950926286017502
0.52,0.52,0.5,0.00959811058277836
0.52,0.52,0.5,0.009580740220873076
0.52,0.52,0.5,0.009610163705594492
0.52,0.52,0.5,0.009590607257798284
0.52,0.52,0.5,0.009624121176232037
0.52,0.52,0.5,0.009534687339110375
0.52,0.52,0.5,0.009626168682420867
0.52,0.52,0.5,0.009656622731435983
0.52,0.52,0.5,0.009658205027708547
0.52,0.52,0.5,0.009504794514703919
0.52,0.52,0.5,0.009626020194650505
0.52,0.52,0.5,0.009468935425599706
0.52,0.52,0.5,0.009538298021266134
0.52,0.52,0.5,0.009415662568724512
0.52,0.52,0.5,0.009395355442208377
0.52,0.52,0.5,0.009404483698587845
0.53,0.53,0.5,0.00945704856972371
0.53,0.53,0.5,0.00969675782363307
0.53,0.53,0.5,0.009582335766777876
0.53,0.53,0.5,0.009586849974449497
0.53,0.53,0.5,0.009447189345981828
0.53,0.53,0.5,0.009531220053881571
0.53,0.53,0.5,0.009496470716316542
0.53,0.53,0.5,0.009571860918305636
0.53,0.53,0.5,0.009528639442442617
0.53,0.53,0.5,0.009553098558578473
0.53,0.53,0.5,0.00957403031968414
0.53,0.53,0.5,0.009574728337545203
0.53,0.53,0.5,0.009521750471716972
0.53,0.53,0.5,0.009573992409181114
0.53,0.53,0.5,0.009515121175132172
0.53,0.53,0.5,0.009593114266137168
0.53,0.53,0.5,0.009458268526212333
0.53,0.53,0.5,0.009561010246602853
0.53,0.53,0.5,0.00965622606106992
0.53,0.53,0.5,0.009637720957153288
0.54,0.54,0.5,0.009538034504203586
0.54,0.54,0.5,0.009432583312170006
0.54,0.54,0.5,0.009583328954634755
0.54,0.54,0.5,0.00950158446654621
0.54,0.54,0.5,0.009634106487840764
0.54,0.54,0.5,0.009617067178726827
0.54,0.54,0.5,0.009325183864533248
0.54,0.54,0.5,0.009538128321198156
0.54,0.54,0.5,0.009530870825687704
0.54,0.54,0.5,0.009403135707218305
0.54,0.54,0.5,0.00932879720776604
0.54,0.54,0.5,0.009274311261384713
0.54,0.54,0.5,0.009400272508417129
0.54,0.54,0.5,0.009193398577466767
0.54,0.54,0.5,0.009641825263723364
0.54,0.54,0.5,0.009468273390068402
0.54,0.54,0.5,0.009626992906297734
0.54,0.54,0.5,0.009447064402259987
0.54,0.54,0.5,0.009576112012079146
0.54,0.54,0.5,0.009464013218959405
0.55,0.55,0.5,0.009603931470502185
0.55,0.55,0.5,0.009597224707740161
0.55,0.55,0.5,0.009172043802859879
0.55,0.55,0.5,0.009585283178645933
0.55,0.55,0.5,0.009471479565003474
0.55,0.55,0.5,0.009591783741233819
0.55,0.55,0.5,0.009745422991937553
0.55,0.55,0.5,0.009575763087402106
0.55,0.55,0.5,0.009584886536025858
0.55,0.55,0.5,0.009502046119599504
0.55,0.55,0.5,0.009549354666492286
0.55,0.55,0.5,0.009600169261620089
0.55,0.55,0.5,0.009458190853503655
0.55,0.55,0.5,0.009573057582090481
0.55,0.55,0.5,0.009663848689927746
0.55,0.55,0.5,0.009597085943134994
0.55,0.55,0.5,0.009530008813458645
0.55,0.55,0.5,0.009654588551228796
0.55,0.55,0.5,0.009485068217976404
0.55,0.55,0.5,0.009645196675011968
0.56,0.56,0.5,0.009469492038927926
0.56,0.56,0.5,0.009602551417146579
0.56,0.56,0.5,0.009557677945281385
0.56,0.56,0.5,0.009534090711656612
0.56,0.56,0.5,0.009543468237509766
0.56,0.56,0.5,0.009517895998103267
0.56,0.56,0.5,0.009562049755004066
0.56,0.56,0.5,0.009571905940363869
0.56,0.56,0.5,0.009458226642848032
0.56,0.56,0.5,0.009512094341237856
0.56,0.56,0.5,0.009331783653404159
0.56,0.56,0.5,0.009591743148076579
0.56,0.56,0.5,0.009636388088987972
0.56,0.56,0.5,0.009614371880561879
0.56,0.56,0.5,0.009592191768984576
0.56,0.56,0.5,0.009563970820209993
0.56,0.56,0.5,0.00964298414326864
0.56,0.56,0.5,0.009728962333467773
0.56,0.56,0.5,0.009604253968998906
0.56,0.56,0.5,0.00948018077004122
0.57,0.57,0.5,0.009511767987471303
0.57,0.57,0.5,0.00963660820686605
0.57,0.57,0.5,0.009446420442767034
0.57,0.57,0.5,0.009352859501181874
0.57,0.57,0.5,0.00957898737426944
0.57,0.57,0.5,0.009601730347488884
0.57,0.57,0.5,0.009459979769381599
0.57,0.57,0.5,0.009361319138329278
0.57,0.57,0.5,0.009724128301127326
0.57,0.57,0.5,0.009620017715391917
0.57,0.57,0.5,0.009599425929258111
0.57,0.57,0.5,0.009664055411659773
0.57,0.57,0.5,0.009602667515840227
0.57,0.57,0.5,0.009501975939880563
0.57,0.57,0.5,0.009615304395863158
0.57,0.57,0.5,0.009578205890185288
0.57,0.57,0.5,0.00966327137057691
0.57,0.57,0.5,0.009684803431691133
0.57,0.57,0.5,0.009620577889931292
0.57,0.57,0.5,0.009554335780467316
0.58,0.58,0.5,0.009721689196541728
0.58,0.58,0.5,0.009563294463120797
0.58,0.58,0.5,0.009654748144203664
0.58,0.58,0.5,0.009578349952957867
0.58,0.58,0.5,0.009591332132018925
0.58,0.58,0.5,0.00959434519240796
0.58,0.58,0.5,0.009575136290770402
0.58,0.58,0.5,0.009654364009444858
0.58,0.58,0.5,0.009583020531980499
0.58,0.58,0.5,0.009594682747689988
0.58,0.58,0.5,0.009556024017045958
0.58,0.58,0.5,0.00959889353875293
0.58,0.58,0.5,0.009632912812231036
0.58,0.58,0.5,0.009478901338656165
0.58,0.58,0.5,0.009639101844886894
0.58,0.58,0.5,0.009455623972525307
0.58,0.58,0.5,0.009568702432784125
0.58,0.58,0.5,0.009513591571014248
0.58,0.58,0.5,0.009591089478755827
0.58,0.58,0.5,0.009647185159248443
0.59,0.59,0.5,0.009611313544356884
0.59,0.59,0.5,0.009471835551319571
0.59,0.59,0.5,0.009554515767328261
0.59,0.59,0.5,0.009310139240047382
0.59,0.59,0.5,0.009644813262352125
0.59,0.59,0.5,0.009392313210229196
0.59,0.59,0.5,0.00965246227342774
0.59,0.59,0.5,0.009612312938536668
0.59,0.59,0.5,0.009517607352796558
0.59,0.59,0.5,0.009581274958893785
0.59,0.59,0.5,0.009614783536173118
0.59,0.59,0.5,0.009619894850494418
0.59,0.59,0.5,0.009653629899354681
0.59,0.59,0.5,0.00961282011441424
0.59,0.59,0.5,0.009472417429010683
0.59,0.59,0.5,0.009650291532240054
0.59,0.59,0.5,0.009566424370159515
0.59,0.59,0.5,0.009650054532282671
0.59,0.59,0.5,0.009555941494140132
0.59,0.59,0.5,0.009617996234231246
0.6,0.6,0.5,0.009577375031162435
0.6,0.6,0.5,0.009495048026381084
0.6,0.6,0.5,0.009647841778955977
0.6,0.6,0.5,0.009517782215684448
0.6,0.6,0.5,0.00925364190194528
0.6,0.6,0.5,0.009557970782684009
0.6,0.6,0.5,0.009565959651028666
0.6,0.6,0.5,0.009660751068712163
0.6,0.6,0.5,0.009561243798088814
0.6,0.6,0.5,0.009578590152920547
0.6,0.6,0.5,0.0095227944301911
0.6,0.6,0.5,0.009651167110590962
0.6,0.6,0.5,0.009499963757514862
0.6,0.6,0.5,0.009647066570339473
0.6,0.6,0.5,0.009632916909872932
0.6,0.6,0.5,0.00967002371188181
0.6,0.6,0.5,0.00950226643038945
0.6,0.6,0.5,0.009559309520036889
0.6,0.6,0.5,0.009649741210297056
0.6,0.6,0.5,0.009469879746779443
0.61,0.61,0.5,0.009450087656097766
0.61,0.61,0.5,0.009595042085393224
0.61,0.61,0.5,0.009489397811028408
0.61,0.61,0.5,0.009665970225140725
0.61,0.61,0.5,0.009360538129031766
0.61,0.61,0.5,0.009413748042828069
0.61,0.61,0.5,0.009722274391049711
0.61,0.61,0.5,0.009525709024739398
0.61,0.61,0.5,0.00960821555077905
0.61,0.61,0.5,0.009618924233049808
0.61,0.61,0.5,0.009557967440581955
0.61,0.61,0.5,0.00949674462571896
0.61,0.61,0.5,0.009632018090820737
0.61,0.61,0.5,0.009574866026158426
0.61,0.61,0.5,0.00938744857580585
0.61,0.61,0.5,0.009422450909030145
0.61,0.61,0.5,0.009631458523797319
0.61,0.61,0.5,0.009518789629534412
0.61,0.61,0.5,0.009608381611189066
0.61,0.61,0.5,0.009671826211261949
0.62,0.62,0.5,0.009617354910769071
0.62,0.62,0.5,0.009552530428467288
0.62,0.62,0.5,0.009588742649429525
0.62,0.62,0.5,0.009582571632060837
0.62,0.62,0.5,0.009615769040362132
0.62,0.62,0.5,0.009411065997705146
0.62,0.62,0.5,0.009696931537091448
0.62,0.62,0.5,0.009673246480459544
0.62,0.62,0.5,0.009590629998513279
0.62,0.62,0.5,0.009629560293135548
0.62,0.62,0.5,0.009629320707500583
0.62,0.62,0.5,0.009515045850462584
0.62,0.62,0.5,0.009510319294762275
0.62,0.62,0.5,0.009562792319740507
0.62,0.62,0.5,0.009697482809074098
0.62,0.62,0.5,0.00953493771649106
0.62,0.62,0.5,0.009438441249880532
0.62,0.62,0.5,0.009568777176984438
0.62,0.62,0.5,0.009407519179045882
0.62,0.62,0.5,0.00957177079042393
0.63,0.63,0.5,0.009656567458162386
0.63,0.63,0.5,0.009617997803658445
0.63,0.63,0.5,0.00971522631615453
0.63,0.63,0.5,0.009653566710579663
0.63,0.63,0.5,0.009656704199586854
0.63,0.63,0.5,0.009640879538038123
0.63,0.63,0.5,0.00957258503663786
0.63,0.63,0.5,0.009605208592251457
0.63,0.63,0.5,0.009583887552628378
0.63,0.63,0.5,0.009619056212913412
0.63,0.63,0.5,0.009578331668035175
0.63,0.63,0.5,0.009541688743106876
0.63,0.63,0.5,0.009551514360120517
0.63,0.63,0.5,0.009496490668504842
0.63,0.63,0.5,0.009518646562811598
0.63,0.63,0.5,0.009665424775224578
0.63,0.63,0.5,0.009333682888999176
0.63,0.63,0.5,0.00961488887463013
0.63,0.63,0.5,0.009302035142203673
0.63,0.63,0.5,0.00937864904028749
0.64,0.64,0.5,0.00956699615288652
0.64,0.64,0.5,0.009642185868288687
0.64,0.64,0.5,0.0097215534310115
0.64,0.64,0.5,0.009627444606722976
0.64,0.64,0.5,0.009651162323637514
0.64,0.64,0.5,0.00945717483769544
0.64,0.64,0.5,0.009474452707596993
0.64,0.64,0.5,0.009471501295923774
0.64,0.64,0.5,0.009623317890187853
0.64,0.64,0.5,0.009504483895995107
0.64,0.64,0.5,0.00955561434381337
0.64,0.64,0.5,0.009585384193158636
0.64,0.64,0.5,0.009620030205829036
0.64,0.64,0.5,0.00957230425796845
0.64,0.64,0.5,0.009664615247592063
0.64,0.64,0.5,0.009545946083159161
0.64,0.64,0.5,0.009521411781144549
0.64,0.64,0.5,0.009499681021200457
0.64,0.64,0.5,0.009603554207708295
0.64,0.64,0.5,0.00946403169415719
0.65,0.65,0.5,0.009364658551987278
0.65,0.65,0.5,0.009549622958273036
0.65,0.65,0.5,0.009611525998640067
0.65,0.65,0.5,0.009622082014075238
0.65,0.65,0.5,0.009589517409304865
0.65,0.65,0.5,0.009241633930398322
0.65,0.65,0.5,0.009601289598131293
0.65,0.65,0.5,0.009538537538135432
0.65,0.65,0.5,0.00955056250190507
0.65,0.65,0.5,0.00969181501840941
0.65,0.65,0.5,0.009595388908652918
0.65,0.65,0.5,0.009580732014444022
0.65,0.65,0.5,0.009541301876046786
0.65,0.65,0.5,0.00951570266890136
0.65,0.65,0.5,0.00966688942487835
0.65,0.65,0.5,0.009475683082172483
0.65,0.65,0.5,0.009661192049372434
0.65,0.65,0.5,0.009523145101978946
0.65,0.65,0.5,0.00944052172298069
0.65,0.65,0.5,0.009302679090969667
0.66,0.66,0.5,0.009385814268646663
0.66,0.66,0.5,0.009276805997861275
0.66,0.66,0.5,0.009563933354347444
0.66,0.66,0.5,0.009493603249618475
0.66,0.66,0.5,0.00964368737125894
0.66,0.66,0.5,0.009637550180104246
0.66,0.66,0.5,0.00964763328640154
0.66,0.66,0.5,0.009714361743611647
0.66,0.66,0.5,0.009642527700340976
0.66,0.66,0.5,0.009543973907488243
0.66,0.66,0.5,0.009665666129311558
0.66,0.66,0.5,0.009521022534737465
0.66,0.66,0.5,0.009467473145254923
0.66,0.66,0.5,0.009369061689257078
0.66,0.66,0.5,0.00951991862378554
0.66,0.66,0.5,0.009639313209142507
0.66,0.66,0.5,0.009610472588066955
0.66,0.66,0.5,0.009623267925263891
0.66,0.66,0.5,0.00973605762538326
0.66,0.66,0.5,0.009433731702318319
0.67,0.67,0.5,0.009593576208354859
0.67,0.67,0.5,0.009646525114290759
0.67,0.67,0.5,0.009568211809416327
0.67,0.67,0.5,0.009584301318129557
0.67,0.67,0.5,0.00963846152797546
0.67,0.67,0.5,0.00953608567514037
0.67,0.67,0.5,0.009599307902590573
0.67,0.67,0.5,0.009721424992207336
0.67,0.67,0.5,0.009614777257885619
0.67,0.67,0.5,0.00954134680363362
0.67,0.67,0.5,0.009654378176137452
0.67,0.67,0.5,0.009456379961639711
0.67,0.67,0.5,0.009530894069332784
0.67,0.67,0.5,0.009376056517913133
0.67,0.67,0.5,0.009540944723053781
0.67,0.67,0.5,0.009505668903089912
0.67,0.67,0.5,0.00949983751678234
0.67,0.67,0.5,0.009615315217992021
0.67,0.67,0.5,0.009530574153653631
0.67,0.67,0.5,0.009592465063097912
0.68,0.68,0.5,0.009623213783899283
0.68,0.68,0.5,0.009566303875789236
0.68,0.68,0.5,0.009519990573302195
0.68,0.68,0.5,0.009532979168448433
0.68,0.68,0.5,0.009480825724416879
0.68,0.68,0.5,0.009611540877307107
0.68,0.68,0.5,0.009715947215028725
0.68,0.68,0.5,0.009211997998283266
0.68,0.68,0.5,0.009550800072835817
0.68,0.68,0.5,0.009500889094806649
0.68,0.68,0.5,0.009661140163731577
0.68,0.68,0.5,0.00954344906594595
0.68,0.68,0.5,0.00958592831114909
0.68,0.68,0.5,0.009472234909080612
0.68,0.68,0.5,0.009689128036508754
0.68,0.68,0.5,0.009670916855494949
0.68,0.68,0.5,0.009568231640963184
0.68,0.68,0.5,0.00946701014600506
0.68,0.68,0.5,0.009621413623767018
0.68,0.68,0.5,0.009449815234744698
0.69,0.69,0.5,0.009447711492936616
0.69,0.69,0.5,0.009509968492919341
0.69,0.69,0.5,0.00958732184671904
0.69,0.69,0.5,0.009592526406192414
0.69,0.69,0.5,0.009646696905215132
0.69,0.69,0.5,0.009485264225617908
0.69,0.69,0.5,0.009493349911961846
0.69,0.69,0.5,0.009415930093879954
0.69,0.69,0.5,0.009415964159909281
0.69,0.69,0.5,0.009106738693207382
0.69,0.69,0.5,0.00956090006291257
0.69,0.69,0.5,0.009560810065116152
0.69,0.69,0.5,0.009611306560965783
0.69,0.69,0.5,0.00946828841175941
0.69,0.69,0.5,0.009505887183169073
0.69,0.69,0.5,0.009578469278922645
0.69,0.69,0.5,0.009633326181829919
0.69,0.69,0.5,0.009513826440700144
0.69,0.69,0.5,0.0096122303394568
0.69,0.69,0.5,0.009523246586797783
0.7,0.7,0.5,0.009538046731071684
0.7,0.7,0.5,0.009565623239860236
0.7,0.7,0.5,0.009603164491249655
0.7,0.7,0.5,0.009527354356925664
0.7,0.7,0.5,0.009618210103529524
0.7,0.7,0.5,0.009644481547948608
0.7,0.7,0.5,0.009646490473136406
0.7,0.7,0.5,0.009544464836866941
0.7,0.7,0.5,0.009611953857376877
0.7,0.7,0.5,0.009491851886041992
0.7,0.7,0.5,0.00965908279926676
0.7,0.7,0.5,0.00944814451317558
0.7,0.7,0.5,0.009507708719827644
0.7,0.7,0.5,0.009549616962637356
0.7,0.7,0.5,0.009651782392388737
0.7,0.7,0.5,0.009654779665221708
0.7,0.7,0.5,0.009383183969695284
0.7,0.7,0.5,0.009590230238652462
0.7,0.7,0.5,0.009675268102804627
0.7,0.7,0.5,0.009584548940882807
0.71,0.71,0.5,0.009568978998781626
0.71,0.71,0.5,0.009564132967363156
0.71,0.71,0.5,0.009516198563879327
0.71,0.71,0.5,0.009201668696240933
0.71,0.71,0.5,0.009617549278048802
0.71,0.71,0.5,0.009513393084085615
0.71,0.71,0.5,0.00953370947956346
0.71,0.71,0.5,0.009525417439381326
0.71,0.71,0.5,0.00954842801074799
0.71,0.71,0.5,0.009550776675666678
0.71,0.71,0.5,0.009605347682722792
0.71,0.71,0.5,0.009435945322567516
0.71,0.71,0.5,0.009695149211103746
0.71,0.71,0.5,0.009614841660775844
0.71,0.71,0.5,0.009610998761918819
0.71,0.71,0.5,0.00959871902703004
0.71,0.71,0.5,0.009608796793635955
0.71,0.71,0.5,0.009624690397148927
0.71,0.71,0.5,0.009642777799639896
0.71,0.71,0.5,0.009343714755800602
0.72,0.72,0.5,0.009387228577698543
0.72,0.72,0.5,0.00949823644877792
0.72,0.72,0.5,0.00958975852044802
0.72,0.72,0.5,0.009662833278622903
0.72,0.72,0.5,0.009535923503027365
0.72,0.72,0.5,0.009589998014256692
0.72,0.72,0.5,0.009641613439884886
0.72,0.72,0.5,0.009580441148032887
0.72,0.72,0.5,0.009406388777367138
0.72,0.72,0.5,0.00938945427210228
0.72,0.72,0.5,0.009664870961864408
0.72,0.72,0.5,0.009594421905151237
0.72,0.72,0.5,0.009597842377807603
0.72,0.72,0.5,0.00954440275706088
0.72,0.72,0.5,0.009550165097458329
0.72,0.72,0.5,0.009634268889846446
0.72,0.72,0.5,0.009613578766539947
0.72,0.72,0.5,0.009408264949834122
0.72,0.72,0.5,0.009606825504299067
0.72,0.72,0.5,0.009649691871434605
0.73,0.73,0.5,0.009647539370389398
0.73,0.73,0.5,0.009436451119501973
0.73,0.73,0.5,0.009590262869461304
0.73,0.73,0.5,0.009492138865591878
0.73,0.73,0.5,0.009547249042199805
0.73,0.73,0.5,0.00953027987651456
0.73,0.73,0.5,0.009549334727187997
0.73,0.73,0.5,0.009477168623884903
0.73,0.73,0.5,0.009601451671432712
0.73,0.73,0.5,0.00956454802872856
0.73,0.73,0.5,0.009611501852942978
0.73,0.73,0.5,0.009447968924375555
0.73,0.73,0.5,0.009683913060666382
0.73,0.73,0.5,0.009483348367855759
0.73,0.73,0.5,0.009621949010559003
0.73,0.73,0.5,0.009453322237811854
0.73,0.73,0.5,0.009627523610054365
0.73,0.73,0.5,0.009586654874690285
0.73,0.73,0.5,0.009637716787571278
0.73,0.73,0.5,0.009509434950987132
0.74,0.74,0.5,0.009697396649855392
0.74,0.74,0.5,0.00953013357250858
0.74,0.74,0.5,0.009594069725810004
0.74,0.74,0.5,0.009511023110018968
0.74,0.74,0.5,0.009600412449711705
0.74,0.74,0.5,0.009546938898922313
0.74,0.74,0.5,0.009686487578026252
0.74,0.74,0.5,0.00959676408381327
0.74,0.74,0.5,0.009644369894066808
0.74,0.74,0.5,0.009525885099108549
0.74,0.74,0.5,0.009529514133953617
0.74,0.74,0.5,0.009551242520756283
0.74,0.74,0.5,0.009619368456680003
0.74,0.74,0.5,0.0094827573661291
0.74,0.74,0.5,0.009637440318507154
0.74,0.74,0.5,0.009631880327929821
0.74,0.74,0.5,0.009593031731333588
0.74,0.74,0.5,0.009629503684615738
0.74,0.74,0.5,0.00945056432563942
0.74,0.74,0.5,0.009514652108718791
0.75,0.75,0.5,0.009557432144085864
0.75,0.75,0.5,0.009483250543488548
0.75,0.75,0.5,0.009564767149004704
0.75,0.75,0.5,0.00951632154026373
0.75,0.75,0.5,0.009455944032617772
0.75,0.75,0.5,0.009299133925734027
0.75,0.75,0.5,0.009376194040757938
0.75,0.75,0.5,0.009489043927440216
0.75,0.75,0.5,0.009623190592843847
0.75,0.75,0.5,0.009707366261022211
0.75,0.75,0.5,0.009526464417481633
0.75,0.75,0.5,0.00950572992253022
0.75,0.75,0.5,0.009561531133175604
0.75,0.75,0.5,0.009574917566144769
0.75,0.75,0.5,0.009407530203927391
0.75,0.75,0.5,0.009467367340884351
0.75,0.75,0.5,0.009562586876421737
0.75,0.75,0.5,0.009591707987300658
0.75,0.75,0.5,0.009566612100741445
0.75,0.75,0.5,0.009443988607445613
0.76,0.76,0.5,0.009570679830967566
0.76,0.76,0.5,0.009593554699590402
0.76,0.76,0.5,0.009582611745528255
0.76,0.76,0.5,0.009692396334705023
0.76,0.76,0.5,0.009593087149073193
0.76,0.76,0.5,0.009568009268676396
0.76,0.76,0.5,0.00960213182575832
0.76,0.76,0.5,0.009528727844121045
0.76,0.76,0.5,0.009606326102031743
0.76,0.76,0.5,0.0094448720288801
0.76,0.76,0.5,0.009371633057679263
0.76,0.76,0.5,0.009496579839941972
0.76,0.76,0.5,0.009640156701814633
0.76,0.76,0.5,0.009583206134431648
0.76,0.76,0.5,0.009585485768570733
0.76,0.76,0.5,0.009649651257708402
0.76,0.76,0.5,0.009670589373205644
0.76,0.76,0.5,0.00960112227897808
0.76,0.76,0.5,0.009655767026188656
0.76,0.76,0.5,0.00964350580531909
0.77,0.77,0.5,0.009608280596133055
0.77,0.77,0.5,0.009497089147473492
0.77,0.77,0.5,0.009654419421511035
0.77,0.77,0.5,0.009664177220732364
0.77,0.77,0.5,0.00949487082603792
0.77,0.77,0.5,0.009302204871019357
0.77,0.77,0.5,0.009597985454495552
0.77,0.77,0.5,0.00955869287312869
0.77,0.77,0.5,0.00941423033860499
0.77,0.77,0.5,0.00965042770263753
0.77,0.77,0.5,0.009370821650422252
0.77,0.77,0.5,0.009457328345590734
0.77,0.77,0.5,0.009402373929617912
0.77,0.77,0.5,0.009349630055976877
0.77,0.77,0.5,0.009624411745234557
0.77,0.77,0.5,0.009578618916918157
0.77,0.77,0.5,0.009618381102876116
0.77,0.77,0.5,0.009603712698718701
0.77,0.77,0.5,0.009658481060361398
0.77,0.77,0.5,0.009535492431544884
0.78,0.78,0.5,0.009586662706803674
0.78,0.78,0.5,0.009641077879087375
0.78,0.78,0.5,0.00958637283611867
0.78,0.78,0.5,0.009679347431169345
0.78,0.78,0.5,0.009611127357303921
0.78,0.78,0.5,0.009570766643524915
0.78,0.78,0.5,0.009429115967868395
0.78,0.78,0.5,0.00954196625007549
0.78,0.78,0.5,0.009601411532982669
0.78,0.78,0.5,0.009711131300716913
0.78,0.78,0.5,0.00964075897764397
0.78,0.78,0.5,0.00941394741236246
0.78,0.78,0.5,0.009617064917145536
0.78,0.78,0.5,0.009705824997045406
0.78,0.78,0.5,0.009620139160877846
0.78,0.78,0.5,0.009638993897827438
0.78,0.78,0.5,0.00963347473246026
0.78,0.78,0.5,0.009472845634580972
0.78,0.78,0.5,0.009438345637725814
0.78,0.78,0.5,0.00939447689980021
0.79,0.79,0.5,0.009732081417952315
0.79,0.79,0.5,0.009590644374105745
0.79,0.79,0.5,0.009567162961619866
0.79,0.79,0.5,0.009613286448661666
0.79,0.79,0.5,0.009589153685966828
0.79,0.79,0.5,0.009465272710293184
0.79,0.79,0.5,0.009577652315218317
0.79,0.79,0.5,0.009611661361223567
0.79,0.79,0.5,0.009509078388127541
0.79,0.79,0.5,0.009670266373898596
0.79,0.79,0.5,0.009419168624923651
0.79,0.79,0.5,0.009539005759532235
0.79,0.79,0.5,0.009540499784482147
0.79,0.79,0.5,0.009608773097168195
0.79,0.79,0.5,0.009528644968347821
0.79,0.79,0.5,0.009494723607799115
0.79,0.79,0.5,0.009641517676330723
0.79,0.79,0.5,0.009555020949136456
0.79,0.79,0.5,0.009639869376937407
0.79,0.79,0.5,0.009569807582087909
0.8,0.8,0.5,0.00951486117545316
0.8,0.8,0.5,0.009208525113252828
0.8,0.8,0.5,0.00952153614232358
0.8,0.8,0.5,0.009588596674151828
0.8,0.8,0.5,0.009649347441332796
0.8,0.8,0.5,0.009629342668801538
0.8,0.8,0.5,0.009515172304143744
0.8,0.8,0.5,0.009614927476438204
0.8,0.8,0.5,0.009626701368659092
0.8,0.8,0.5,0.009626975592020722
0.8,0.8,0.5,0.009564087569148845
0.8,0.8,0.5,0.009594645831681287
0.8,0.8,0.5,0.009709812393250437
0.8,0.8,0.5,0.009547792874804284
0.8,0.8,0.5,0.009599468168552823
0.8,0.8,0.5,0.009581356547126389
0.8,0.8,0.5,0.009527829009286214
0.8,0.8,0.5,0.009645750497371174
0.8,0.8,0.5,0.009621290370390934
0.8,0.8,0.5,0.009575947011799936
0.81,0.81,0.5,0.009573296984363888
0.81,0.81,0.5,0.009586051654287551
0.81,0.81,0.5,0.009566086805823269
0.81,0.81,0.5,0.009630147345576157
0.81,0.81,0.5,0.009375180984663145
0.81,0.81,0.5,0.009600146775045192
0.81,0.81,0.5,0.009534789255090693
0.81,0.81,0.5,0.009697725884674664
0.81,0.81,0.5,0.009477906669359503
0.81,0.81,0.5,0.009605927089352807
0.81,0.81,0.5,0.009690079141007063
0.81,0.81,0.5,0.009499593140679446
0.81,0.81,0.5,0.009378054280643207
0.81,0.81,0.5,0.009515118073532555
0.81,0.81,0.5,0.0097345400640046
0.81,0.81,0.5,0.009688000691686093
0.81,0.81,0.5,0.009599509596277487
0.81,0.81,0.5,0.009600887330211048
0.81,0.81,0.5,0.00966055809771305
0.81,0.81,0.5,0.009629565098641038
0.82,0.82,0.5,0.00962970469980683
0.82,0.82,0.5,0.009608616406611054
0.82,0.82,0.5,0.009667905852555328
0.82,0.82,0.5,0.00960723482875362
0.82,0.82,0.5,0.00935067884387588
0.82,0.82,0.5,0.009579808509550727
0.82,0.82,0.5,0.009694010327708386
0.82,0.82,0.5,0.009624634538761284
0.82,0.82,0.5,0.009640768098311558
0.82,0.82,0.5,0.009489644921621285
0.82,0.82,0.5,0.009601713501507741
0.82,0.82,0.5,0.009591337027345524
0.82,0.82,0.5,0.009389049364423512
0.82,0.82,0.5,0.009629322054897476
0.82,0.82,0.5,0.00962776669330244
0.82,0.82,0.5,0.009608911620628172
0.82,0.82,0.5,0.009544393960594784
0.82,0.82,0.5,0.009584007946338104
0.82,0.82,0.5,0.009521868430966777
0.82,0.82,0.5,0.009591457343689075
0.83,0.83,0.5,0.009451812663820598
0.83,0.83,0.5,0.009675930252238545
0.83,0.83,0.5,0.009553292455894523
0.83,0.83,0.5,0.009495039373634532
0.83,0.83,0.5,0.009495557765978884
0.83,0.83,0.5,0.009523267605566304
0.83,0.83,0.5,0.009580751984465046
0.83,0.83,0.5,0.009661569832765629
0.83,0.83,0.5,0.009479279310879786
0.83,0.83,0.5,0.009654676796506107
0.83,0.83,0.5,0.009577219443368706
0.83,0.83,0.5,0.00959300875206881
0.83,0.83,0.5,0.009485395784434759
0.83,0.83,0.5,0.00956065593370716
0.83,0.83,0.5,0.00962250898951086
0.83,0.83,0.5,0.009591672884892705
0.83,0.83,0.5,0.009610085655431998
0.83,0.83,0.5,0.009508443077877671
0.83,0.83,0.5,0.00960499273688784
0.83,0.83,0.5,0.009674726970111193
0.84,0.84,0.5,0.009247438435876172
0.84,0.84,0.5,0.00948956802618348
0.84,0.84,0.5,0.009639071129288766
0.84,0.84,0.5,0.009563744579459691
0.84,0.84,0.5,0.009586958748158363
0.84,0.84,0.5,0.00958161918444537
0.84,0.84,0.5,0.009682091622526232
0.84,0.84,0.5,0.009485617164728021
0.84,0.84,0.5,0.00951457462627421
0.84,0.84,0.5,0.009591952343575771
0.84,0.84,0.5,0.009651677084442147
0.84,0.84,0.5,0.009636695852454477
0.84,0.84,0.5,0.009761585550579344
0.84,0.84,0.5,0.00957437033213319
0.84,0.84,0.5,0.009620386785441151
0.84,0.84,0.5,0.009568258081730119
0.84,0.84,0.5,0.00959904948338358
0.84,0.84,0.5,0.0095983530564718
0.84,0.84,0.5,0.009616946440482332
0.84,0.84,0.5,0.009529977264853697
0.85,0.85,0.5,0.009683246048120977
0.85,0.85,0.5,0.009475768951713818
0.85,0.85,0.5,0.009182195470342462
0.85,0.85,0.5,0.00959319385155434
0.85,0.85,0.5,0.009536240150379122
0.85,0.85,0.5,0.009652150148213653
0.85,0.85,0.5,0.009559090257953947
0.85,0.85,0.5,0.009622202008111723
0.85,0.85,0.5,0.00963472138259045
0.85,0.85,0.5,0.009574443785327905
0.85,0.85,0.5,0.009703219503733478
0.85,0.85,0.5,0.009523198359050048
0.85,0.85,0.5,0.009402225572870113
0.85,0.85,0.5,0.009657757695621627
0.85,0.85,0.5,0.009600502150663765
0.85,0.85,0.5,0.009600374962705849
0.85,0.85,0.5,0.009571327774800653
0.85,0.85,0.5,0.009700132734207504
0.85,0.85,0.5,0.009587554417130877
0.85,0.85,0.5,0.009415614701816302
0.86,0.86,0.5,0.009551587091025531
0.86,0.86,0.5,0.009621729483620283
0.86,0.86,0.5,0.009576679884880422
0.86,0.86,0.5,0.009651541984644829
0.86,0.86,0.5,0.009729985172128279
0.86,0.86,0.5,0.009632622275258821
0.86,0.86,0.5,0.00956814912930306
0.86,0.86,0.5,0.00950697388919729
0.86,0.86,0.5,0.009460637371189184
0.86,0.86,0.5,0.00961999443063791
0.86,0.86,0.5,0.009560538325127066
0.86,0.86,0.5,0.00966234620439629
0.86,0.86,0.5,0.00956661520617994
0.86,0.86,0.5,0.009446146298232865
0.86,0.86,0.5,0.009670958291180703
0.86,0.86,0.5,0.009575014691406493
0.86,0.86,0.5,0.009487720023309972
0.86,0.86,0.5,0.009518378182258383
0.86,0.86,0.5,0.009494805747319264
0.86,0.86,0.5,0.00945822995344557
0.87,0.87,0.5,0.00955451888220267
0.87,0.87,0.5,0.009588067177022638
0.87,0.87,0.5,0.009633574025404832
0.87,0.87,0.5,0.009605545626522771
0.87,0.87,0.5,0.009556982643301263
0.87,0.87,0.5,0.009598573007881854
0.87,0.87,0.5,0.009610254032314169
0.87,0.87,0.5,0.009652068015619329
0.87,0.87,0.5,0.009704910004549434
0.87,0.87,0.5,0.009610229623368787
0.87,0.87,0.5,0.00974666063795885
0.87,0.87,0.5,0.009649970260973638
0.87,0.87,0.5,0.009533774956304503
0.87,0.87,0.5,0.009543530055766277
0.87,0.87,0.5,0.009625510206795326
0.87,0.87,0.5,0.009572811753208404
0.87,0.87,0.5,0.009701207613176282
0.87,0.87,0.5,0.0096598903611542
0.87,0.87,0.5,0.009596154204399398
0.87,0.87,0.5,0.009593676732615965
0.88,0.88,0.5,0.009577173909652757
0.88,0.88,0.5,0.009685244267577
0.88,0.88,0.5,0.009629002252060601
0.88,0.88,0.5,0.009589617693475602
0.88,0.88,0.5,0.009483295347241648
0.88,0.88,0.5,0.00975960825726525
0.88,0.88,0.5,0.009328323207452196
0.88,0.88,0.5,0.009570820070997268
0.88,0.88,0.5,0.00965531348234507
0.88,0.88,0.5,0.009546345505185506
0.88,0.88,0.5,0.009674628916815198
0.88,0.88,0.5,0.009564336631786961
0.88,0.88,0.5,0.009545300413180278
0.88,0.88,0.5,0.009590980563562234
0.88,0.88,0.5,0.009615690061399222
0.88,0.88,0.5,0.009631796228951278
0.88,0.88,0.5,0.009399180796613981
0.88,0.88,0.5,0.009512591821013758
0.88,0.88,0.5,0.009555290147429339
0.88,0.88,0.5,0.009546024012396898
0.89,0.89,0.5,0.009627763594055025
0.89,0.89,0.5,0.009489679596355785
0.89,0.89,0.5,0.009646661753523592
0.89,0.89,0.5,0.00954402488668542
0.89,0.89,0.5,0.009558255499660688
0.89,0.89,0.5,0.009579182643249999
0.89,0.89,0.5,0.009667723984630642
0.89,0.89,0.5,0.009431537930203097
0.89,0.89,0.5,0.009626335732840574
0.89,0.89,0.5,0.009422451112192328
0.89,0.89,0.5,0.009574533389638023
0.89,0.89,0.5,0.009413331293568437
0.89,0.89,0.5,0.009662474048995595
0.89,0.89,0.5,0.00950485629847426
0.89,0.89,0.5,0.009697415099371769
0.89,0.89,0.5,0.009690036155270311
0.89,0.89,0.5,0.009621970077595335
0.89,0.89,0.5,0.009553439141458273
0.89,0.89,0.5,0.009442968464653373
0.89,0.89,0.5,0.009594898495851791
0.9,0.9,0.5,0.009602614032612944
0.9,0.9,0.5,0.009699781523233744
0.9,0.9,0.5,0.009508704159948245
0.9,0.9,0.5,0.009452427626196195
0.9,0.9,0.5,0.00953598912635669
0.9,0.9,0.5,0.00946999956289737
0.9,0.9,0.5,0.009463259408088334
0.9,0.9,0.5,0.00959548592546283
0.9,0.9,0.5,0.009633306877156717
0.9,0.9,0.5,0.009562009998155796
0.9,0.9,0.5,0.009562404154463891
0.9,0.9,0.5,0.00955839722363723
0.9,0.9,0.5,0.009555083202175988
0.9,0.9,0.5,0.009588801053334423
0.9,0.9,0.5,0.009597339073148884
0.9,0.9,0.5,0.009591163435497423
0.9,0.9,0.5,0.009593018702097745
0.9,0.9,0.5,0.009477177120584941
0.9,0.9,0.5,0.009507313796385935
0.9,0.9,0.5,0.009544383989823652
0.91,0.91,0.5,0.009578226044973185
0.91,0.91,0.5,0.009551026596784544
0.91,0.91,0.5,0.009593894045228132
0.91,0.91,0.5,0.00958635425026393
0.91,0.91,0.5,0.009703054724476561
0.91,0.91,0.5,0.00958266635867018
0.91,0.91,0.5,0.009385847262890948
0.91,0.91,0.5,0.009408781204826619
0.91,0.91,0.5,0.009559099533761323
0.91,0.91,0.5,0.00948838429332866
0.91,0.91,0.5,0.009526736145273284
0.91,0.91,0.5,0.00959400157186613
0.91,0.91,0.5,0.009589413452776667
0.91,0.91,0.5,0.00952896117979226
0.91,0.91,0.5,0.009583831749880324
0.91,0.91,0.5,0.009613028099271299
0.91,0.91,0.5,0.00948874789054033
0.91,0.91,0.5,0.009572451669473809
0.91,0.91,0.5,0.009451951570620407
0.91,0.91,0.5,0.009732679120262797
0.92,0.92,0.5,0.009314928781644968
0.92,0.92,0.5,0.009643176305484035
0.92,0.92,0.5,0.009507563300500808
0.92,0.92,0.5,0.009577276216968312
0.92,0.92,0.5,0.009670505431328464
0.92,0.92,0.5,0.00968811950483286
0.92,0.92,0.5,0.009543508537124188
0.92,0.92,0.5,0.009578989025974212
0.92,0.92,0.5,0.00938706596739829
0.92,0.92,0.5,0.009613702915262173
0.92,0.92,0.5,0.009609433086298117
0.92,0.92,0.5,0.00942856380598003
0.92,0.92,0.5,0.009556149435559451
0.92,0.92,0.5,0.00951566835307805
0.92,0.92,0.5,0.009652882224022047
0.92,0.92,0.5,0.009598312384147274
0.92,0.92,0.5,0.009708185887313831
0.92,0.92,0.5,0.009556265063013741
0.92,0.92,0.5,0.009452293393816693
0.92,0.92,0.5,0.00958752092819997
0.93,0.93,0.5,0.009542657833824277
0.93,0.93,0.5,0.00967709947579081
0.93,0.93,0.5,0.009425805451798407
0.93,0.93,0.5,0.009615622194681367
0.93,0.93,0.5,0.009664869915775176
0.93,0.93,0.5,0.009612018610665692
0.93,0.93,0.5,0.009588360143270674
0.93,0.93,0.5,0.009448943168779606
0.93,0.93,0.5,0.00951521407060716
0.93,0.93,0.5,0.009431041438181015
0.93,0.93,0.5,0.009584099768964455
0.93,0.93,0.5,0.009609729497056485
0.93,0.93,0.5,0.009585802419619266
0.93,0.93,0.5,0.00927987529141696
0.93,0.93,0.5,0.009581908818625634
0.93,0.93,0.5,0.009573002755305596
0.93,0.93,0.5,0.009558164551615454
0.93,0.93,0.5,0.009660040959056851
0.93,0.93,0.5,0.009625482342037372
0.93,0.93,0.5,0.00958254779764896
0.94,0.94,0.5,0.009457768461400621
0.94,0.94,0.5,0.009309312158643505
0.94,0.94,0.5,0.009537667302095234
0.94,0.94,0.5,0.009501895894685404
0.94,0.94,0.5,0.009599605139847896
0.94,0.94,0.5,0.009594827530311718
0.94,0.94,0.5,0.00976455082468504
0.94,0.94,0.5,0.009653520796324111
0.94,0.94,0.5,0.009665983332859831
0.94,0.94,0.5,0.009580124928455119
0.94,0.94,0.5,0.009582470802454158
0.94,0.94,0.5,0.009508756215425587
0.94,0.94,0.5,0.009543934561036605
0.94,0.94,0.5,0.00959851616137554
0.94,0.94,0.5,0.009635077745366248
0.94,0.94,0.5,0.009398308044198403
0.94,0.94,0.5,0.009577114572273941
0.94,0.94,0.5,0.009544610989182072
0.94,0.94,0.5,0.009576214479842611
0.94,0.94,0.5,0.009416454786806245
0.95,0.95,0.5,0.00945721790880534
0.95,0.95,0.5,0.009627108830197266
0.95,0.95,0.5,0.009650130625236335
0.95,0.95,0.5,0.00950920167282601
0.95,0.95,0.5,0.009336424770630819
0.95,0.95,0.5,0.009521218971784927
0.95,0.95,0.5,0.009576097380321441
0.95,0.95,0.5,0.00955728757431428
0.95,0.95,0.5,0.009477612707209846
0.95,0.95,0.5,0.00945298467587024
0.95,0.95,0.5,0.009594773380423853
0.95,0.95,0.5,0.009629118189959388
0.95,0.95,0.5,0.009637517106129357
0.95,0.95,0.5,0.009527147546903467
0.95,0.95,0.5,0.009557900969629357
0.95,0.95,0.5,0.009595328132647612
0.95,0.95,0.5,0.009662436469880515
0.95,0.95,0.5,0.009587084535888649
0.95,0.95,0.5,0.009618176799447811
0.95,0.95,0.5,0.009448658804601972
0.96,0.96,0.5,0.009652383433045648
0.96,0.96,0.5,0.009617992982699641
0.96,0.96,0.5,0.009614559550985221
0.96,0.96,0.5,0.00960587226296372
0.96,0.96,0.5,0.009549035355959735
0.96,0.96,0.5,0.00962479669296923
0.96,0.96,0.5,0.009597197235729849
0.96,0.96,0.5,0.009571984071244006
0.96,0.96,0.5,0.009532092330984851
0.96,0.96,0.5,0.009508318701981667
0.96,0.96,0.5,0.00964276454250769
0.96,0.96,0.5,0.009515874699104487
0.96,0.96,0.5,0.009688136461588987
0.96,0.96,0.5,0.009442569748061357
0.96,0.96,0.5,0.00958451341771077
0.96,0.96,0.5,0.00965560055705799
0.96,0.96,0.5,0.00955585572057397
0.96,0.96,0.5,0.009614314968540006
0.96,0.96,0.5,0.00947019958465371
0.96,0.96,0.5,0.009597057911620677
0.97,0.97,0.5,0.009537319727005276
0.97,0.97,0.5,0.009515872124547636
0.97,0.97,0.5,0.00941038762831891
0.97,0.97,0.5,0.00937746620491856
0.97,0.97,0.5,0.009471764486736941
0.97,0.97,0.5,0.009541265963210527
0.97,0.97,0.5,0.009576253491771936
0.97,0.97,0.5,0.009588952751304395
0.97,0.97,0.5,0.009586363836944636
0.97,0.97,0.5,0.009595314614868518
0.97,0.97,0.5,0.00959114771521559
0.97,0.97,0.5,0.009548357799558996
0.97,0.97,0.5,0.009308221208328747
0.97,0.97,0.5,0.009566031923222038
0.97,0.97,0.5,0.009596703899860648
0.97,0.97,0.5,0.009469009378316197
0.97,0.97,0.5,0.00962424690046492
0.97,0.97,0.5,0.009666342809188886
0.97,0.97,0.5,0.009555186284035977
0.97,0.97,0.5,0.009569625062284344
0.98,0.98,0.5,0.00968234232469096
0.98,0.98,0.5,0.009326721366619823
0.98,0.98,0.5,0.0095152640603606
0.98,0.98,0.5,0.00955629035702131
0.98,0.98,0.5,0.009517381488113402
0.98,0.98,0.5,0.009531555280464484
0.98,0.98,0.5,0.009672378161878385
0.98,0.98,0.5,0.009586364080529776
0.98,0.98,0.5,0.009630221996804727
0.98,0.98,0.5,0.009617304315408666
0.98,0.98,0.5,0.009480894276368957
0.98,0.98,0.5,0.009746427457283935
0.98,0.98,0.5,0.009513932967135265
0.98,0.98,0.5,0.009539006659385828
0.98,0.98,0.5,0.00963572905361686
0.98,0.98,0.5,0.009462589998488638
0.98,0.98,0.5,0.009596243531789166
0.98,0.98,0.5,0.009633764564685366
0.98,0.98,0.5,0.009575072609465805
0.98,0.98,0.5,0.0096086273355013
0.99,0.99,0.5,0.00956387091789503
0.99,0.99,0.5,0.009437362508836596
0.99,0.99,0.5,0.009521814920007898
0.99,0.99,0.5,0.009430549436211555
0.99,0.99,0.5,0.009537343963298776
0.99,0.99,0.5,0.009588519323454869
0.99,0.99,0.5,0.009434936814856004
0.99,0.99,0.5,0.009445352349550525
0.99,0.99,0.5,0.009635242518240722
0.99,0.99,0.5,0.009490553203133372
0.99,0.99,0.5,0.009586176401236018
0.99,0.99,0.5,0.009572449716872631
0.99,0.99,0.5,0.009554445102628435
0.99,0.99,0.5,0.00968095303933898
0.99,0.99,0.5,0.009485797262893263
0.99,0.99,0.5,0.009552666462362611
0.99,0.99,0.5,0.009453582242086839
0.99,0.99,0.5,0.009636630727422612
0.99,0.99,0.5,0.009587667468979271
0.99,0.99,0.5,0.009597983318708075
0.1,0.2,0.5,0.009622445363480066
0.1,0.2,0.5,0.009453585075108828
0.1,0.2,0.5,0.009463339666670727
0.1,0.2,0.5,0.009362431618419442
0.1,0.2,0.5,0.009581833070762413
0.1,0.2,0.5,0.009624672528334556
0.1,0.2,0.5,0.009611377763307288
0.1,0.2,0.5,0.009600873253914247
0.1,0.2,0.5,0.009472124361740305
0.1,0.2,0.5,0.009454156237632157
0.1,0.2,0.5,0.009262041213474294
0.1,0.2,0.5,0.009524604716898796
0.1,0.2,0.5,0.009451907799316081
0.1,0.2,0.5,0.009610138618687843
0.1,0.2,0.5,0.009666711131152271
0.1,0.2,0.5,0.009406442530018497
0.1,0.2,0.5,0.009482577983529526
0.1,0.2,0.5,0.009703303292551922
0.1,0.2,0.5,0.009455342650340048
0.1,0.2,0.5,0.009571793539179928
0.1,0.3,0.5,0.009528549336497279
0.1,0.3,0.5,0.00957967893222587
0.1,0.3,0.5,0.00961109545491082
0.1,0.3,0.5,0.009513294456555084
0.1,0.3,0.5,0.009562712784057953
0.1,0.3,0.5,0.009638603503983576
0.1,0.3,0.5,0.009547478238346018
0.1,0.3,0.5,0.009598169465090152
0.1,0.3,0.5,0.009361570706409177
0.1,0.3,0.5,0.009607972176665034
0.1,0.3,0.5,0.00959089856615903
0.1,0.3,0.5,0.009292693029776245
0.1,0.3,0.5,0.009403118420660413
0.1,0.3,0.5,0.009689907009813332
0.1,0.3,0.5,0.00957123770501444
0.1,0.3,0.5,0.009567684939412556
0.1,0.3,0.5,0.00967487908216174
0.1,0.3,0.5,0.009555218586964441
0.1,0.3,0.5,0.009550480048853007
0.1,0.3,0.5,0.009543190841009987
0.1,0.4,0.5,0.009446125339160331
0.1,0.4,0.5,0.009549499131963178
0.1,0.4,0.5,0.009661054740703614
0.1,0.4,0.5,0.009517247605382442
0.1,0.4,0.5,0.009541359195176928
0.1,0.4,0.5,0.00967456068724517
0.1,0.4,0.5,0.009549573652163105
0.1,0.4,0.5,0.009593788982623391
0.1,0.4,0.5,0.00924272480751825
0.1,0.4,0.5,0.009595577697356202
0.1,0.4,0.5,0.009524646161459554
0.1,0.4,0.5,0.009587460802179724
0.1,0.4,0.5,0.009712076973314662
0.1,0.4,0.5,0.009682226493685523
0.1,0.4,0.5,0.009586240589132274
0.1,0.4,0.5,0.009513539487304568
0.1,0.4,0.5,0.009595520130817558
0.1,0.4,0.5,0.009533200773371305
0.1,0.4,0.5,0.009588419290564167
0.1,0.4,0.5,0.009501515654952407
0.1,0.5,0.5,0.009689599767363112
0.1,0.5,0.5,0.009644210971020542
0.1,0.5,0.5,0.009415716448248226
0.1,0.5,0.5,0.009647232979152522
0.1,0.5,0.5,0.009676161158202261
0.1,0.5,0.5,0.009634568782452748
0.1,0.5,0.5,0.009490557117118478
0.1,0.5,0.5,0.00955730110394691
0.1,0.5,0.5,0.009652443445944847
0.1,0.5,0.5,0.009645795362233742
0.1,0.5,0.5,0.00954794296422276
0.1,0.5,0.5,0.009604316173401916
0.1,0.5,0.5,0.009588972953275727
0.1,0.5,0.5,0.009359621513098994
0.1,0.5,0.5,0.009507801635617076
0.1,0.5,0.5,0.009595033877338916
0.1,0.5,0.5,0.009581765749334932
0.1,0.5,0.5,0.009644259380813118
0.1,0.5,0.5,0.009590089681347738
0.1,0.5,0.5,0.009630267868965276
0.1,0.6,0.5,0.009612201676856624
0.1,0.6,0.5,0.009567274302344952
0.1,0.6,0.5,0.00958944244268403
0.1,0.6,0.5,0.009398658399022836
0.1,0.6,0.5,0.009514777164665252
0.1,0.6,0.5,0.009521065505078561
0.1,0.6,0.5,0.009682818439317344
0.1,0.6,0.5,0.00960070771162081
0.1,0.6,0.5,0.009528552904784153
0.1,0.6,0.5,0.009594797142389673
0.1,0.6,0.5,0.00958122419099891
0.1,0.6,0.5,0.009566915409305954
0.1,0.6,0.5,0.009431989143156646
0.1,0.6,0.5,0.009671631510288057
0.1,0.6,0.5,0.009690155650599143
0.1,0.6,0.5,0.009590477936982245
0.1,0.6,0.5,0.009590860150257714
0.1,0.6,0.5,0.009663681962263608
0.1,0.6,0.5,0.009543718497596233
0.1,0.6,0.5,0.009511760938708895
0.1,0.7,0.5,0.00953516904110363
0.1,0.7,0.5,0.009556485837829037
0.1,0.7,0.5,0.009591911257177755
0.1,0.7,0.5,0.009468368258937314
0.1,0.7,0.5,0.009703374081620652
0.1,0.7,0.5,0.009469388746764994
0.1,0.7,0.5,0.009570058877265957
0.1,0.7,0.5,0.009585477393275324
0.1,0.7,0.5,0.009524577156399329
0.1,0.7,0.5,0.009484362127302071
0.1,0.7,0.5,0.00953705843281393
0.1,0.7,0.5,0.00954847655869173
0.1,0.7,0.5,0.0095681006943029
0.1,0.7,0.5,0.009505668361060189
0.1,0.7,0.5,0.009641946042536088
0.1,0.7,0.5,0.009458780464073618
0.1,0.7,0.5,0.009715682005727776
0.1,0.7,0.5,0.00937575125895811
0.1,0.7,0.5,0.00929848103188672
0.1,0.7,0.5,0.009719499061606662
0.1,0.8,0.5,0.00961018836140411
0.1,0.8,0.5,0.009353481089950376
0.1,0.8,0.5,0.009604301963839048
0.1,0.8,0.5,0.009560423183851936
0.1,0.8,0.5,0.009591233948749578
0.1,0.8,0.5,0.009550670634942875
0.1,0.8,0.5,0.009547679995667465
0.1,0.8,0.5,0.009691900742935085
0.1,0.8,0.5,0.009515549539939647
0.1,0.8,0.5,0.009498680812481257
0.1,0.8,0.5,0.009516446247026791
0.1,0.8,0.5,0.009527096442220793
0.1,0.8,0.5,0.00950138412474847
0.1,0.8,0.5,0.009586655255182392
0.1,0.8,0.5,0.009317872823834483
0.1,0.8,0.5,0.009635635155826192
0.1,0.8,0.5,0.009643426699093823
0.1,0.8,0.5,0.009648127209133587
0.1,0.8,0.5,0.009660744563391726
0.1,0.8,0.5,0.009549798031013816
0.1,0.9,0.5,0.00962549778259251
0.1,0.9,0.5,0.0094534826311903
0.1,0.9,0.5,0.009611736395858375
0.1,0.9,0.5,0.00938593127224441
0.1,0.9,0.5,0.009634806314524742
0.1,0.9,0.5,0.009619342925403706
0.1,0.9,0.5,0.009594087009592979
0.1,0.9,0.5,0.009546659822993518
0.1,0.9,0.5,0.009535423325927671
0.1,0.9,0.5,0.009588100484730007
0.1,0.9,0.5,0.00953838692080195
0.1,0.9,0.5,0.009629134217724152
0.1,0.9,0.5,0.009540666386616046
0.1,0.9,0.5,0.009594994192321467
0.1,0.9,0.5,0.009663018013546886
0.1,0.9,0.5,0.009559948454062245
0.1,0.9,0.5,0.009479205674589325
0.1,0.9,0.5,0.00960002102583462
0.1,0.9,0.5,0.00949094429349171
0.1,0.9,0.5,0.009640407222858532
0.2,0.3,0.5,0.009545414700720116
0.2,0.3,0.5,0.009559006733970222
0.2,0.3,0.5,0.009630648491248242
0.2,0.3,0.5,0.00966283721570525
0.2,0.3,0.5,0.009485170369191777
0.2,0.3,0.5,0.00958193469781653
0.2,0.3,0.5,0.009664666689062225
0.2,0.3,0.5,0.009593575277809168
0.2,0.3,0.5,0.009310559550199778
0.2,0.3,0.5,0.009639006666119117
0.2,0.3,0.5,0.009478454067883096
0.2,0.3,0.5,0.009535050885936348
0.2,0.3,0.5,0.009521239462236143
0.2,0.3,0.5,0.009453792119326064
0.2,0.3,0.5,0.009509040150527573
0.2,0.3,0.5,0.009492149982192145
0.2,0.3,0.5,0.009623758253665324
0.2,0.3,0.5,0.009684611423666525
0.2,0.3,0.5,0.009601496128238806
0.2,0.3,0.5,0.009466427413041595
0.2,0.4,0.5,0.00951626226360739
0.2,0.4,0.5,0.009608686301834061
0.2,0.4,0.5,0.009616890496741167
0.2,0.4,0.5,0.009545831556510686
0.2,0.4,0.5,0.00965275146303805
0.2,0.4,0.5,0.009636548118831655
0.2,0.4,0.5,0.009707258322558365
0.2,0.4,0.5,0.00958124986577167
0.2,0.4,0.5,0.009446320693307147
0.2,0.4,0.5,0.009607640201324328
0.2,0.4,0.5,0.00956491378228054
0.2,0.4,0.5,0.009593869179639142
0.2,0.4,0.5,0.00948769888938295
0.2,0.4,0.5,0.009605913546728745
0.2,0.4,0.5,0.00958366719369181
0.2,0.4,0.5,0.009637221631157628
0.2,0.4,0.5,0.009571029190618615
0.2,0.4,0.5,0.00955707641282527
0.2,0.4,0.5,0.009449567552062986
0.2,0.4,0.5,0.009487135298118175
0.2,0.5,0.5,0.009665186190042512
0.2,0.5,0.5,0.009575020185183254
0.2,0.5,0.5,0.009518253580089772
0.2,0.5,0.5,0.009542159631449793
0.2,0.5,0.5,0.0096218405786048
0.2,0.5,0.5,0.009526348757819762
0.2,0.5,0.5,0.009685524850418365
0.2,0.5,0.5,0.009630190116741514
0.2,0.5,0.5,0.00963961937717685
0.2,0.5,0.5,0.00943278911469697
0.2,0.5,0.5,0.009683673011228126
0.2,0.5,0.5,0.009418687455361053
0.2,0.5,0.5,0.009455676510935507
0.2,0.5,0.5,0.00952506733218713
0.2,0.5,0.5,0.00963611669909295
0.2,0.5,0.5,0.009609065961286028
0.2,0.5,0.5,0.009588843713338145
0.2,0.5,0.5,0.009583197671954504
0.2,0.5,0.5,0.009397375891627148
0.2,0.5,0.5,0.009555468495809918
0.2,0.6,0.5,0.009532347110043854
0.2,0.6,0.5,0.009622297139150837
0.2,0.6,0.5,0.009603707844354058
0.2,0.6,0.5,0.009561241426371702
0.2,0.6,0.5,0.009423147107829455
0.2,0.6,0.5,0.009585118830935064
0.2,0.6,0.5,0.009542462225025106
0.2,0.6,0.5,0.009608301906689954
0.2,0.6,0.5,0.009528264001623819
0.2,0.6,0.5,0.009564983750677858
0.2,0.6,0.5,0.009617965655073495
0.2,0.6,0.5,0.00966142960775061
0.2,0.6,0.5,0.009610104467181501
0.2,0.6,0.5,0.009576800828119772
0.2,0.6,0.5,0.009657533696895124
0.2,0.6,0.5,0.009557940987499212
0.2,0.6,0.5,0.009535191963425074
0.2,0.6,0.5,0.009589735075773292
0.2,0.6,0.5,0.009530186681431957
0.2,0.6,0.5,0.009647239357733671
0.2,0.7,0.5,0.009555948625242823
0.2,0.7,0.5,0.00966614160806133
0.2,0.7,0.5,0.0095594051968482
0.2,0.7,0.5,0.009656532386001063
0.2,0.7,0.5,0.009599927379629204
0.2,0.7,0.5,0.009671572039145385
0.2,0.7,0.5,0.009616250770272127
0.2,0.7,0.5,0.009640081884748323
0.2,0.7,0.5,0.009565022253653377
0.2,0.7,0.5,0.009552137463204281
0.2,0.7,0.5,0.00945301512156439
0.2,0.7,0.5,0.00944430365738859
0.2,0.7,0.5,0.009652094473181093
0.2,0.7,0.5,0.009572273988819663
0.2,0.7,0.5,0.009547043413781405
0.2,0.7,0.5,0.00957234417371986
0.2,0.7,0.5,0.009650628921766853
0.2,0.7,0.5,0.009407486721770086
0.2,0.7,0.5,0.009624139660250074
0.2,0.7,0.5,0.00941835931919332
0.2,0.8,0.5,0.009657798090235946
0.2,0.8,0.5,0.009731013671463918
0.2,0.8,0.5,0.00964087804653469
0.2,0.8,0.5,0.009601992522892157
0.2,0.8,0.5,0.009466888129453774
0.2,0.8,0.5,0.009435965562769386
0.2,0.8,0.5,0.00961241489613622
0.2,0.8,0.5,0.009511876263723622
0.2,0.8,0.5,0.00958444287658965
0.2,0.8,0.5,0.00959442967119573
0.2,0.8,0.5,0.00951038372911847
0.2,0.8,0.5,0.009609063517700373
0.2,0.8,0.5,0.009496584466994674
0.2,0.8,0.5,0.009451549068805944
0.2,0.8,0.5,0.009414751305177405
0.2,0.8,0.5,0.00957068824404761
0.2,0.8,0.5,0.009526626628630212
0.2,0.8,0.5,0.009631479412829087
0.2,0.8,0.5,0.009412852710792743
0.2,0.8,0.5,0.009566537668324653
0.2,0.9,0.5,0.009620649431600133
0.2,0.9,0.5,0.00955637498783872
0.2,0.9,0.5,0.009412550141215588
0.2,0.9,0.5,0.009568607056779187
0.2,0.9,0.5,0.00954232214445489
0.2,0.9,0.5,0.009375915856367087
0.2,0.9,0.5,0.009505890727508202
0.2,0.9,0.5,0.00959174497648345
0.2,0.9,0.5,0.009607544528991983
0.2,0.9,0.5,0.009510544535766016
0.2,0.9,0.5,0.009578746111141118
0.2,0.9,0.5,0.009372724173100035
0.2,0.9,0.5,0.009635087005210773
0.2,0.9,0.5,0.009567010623805947
0.2,0.9,0.5,0.009668738265334985
0.2,0.9,0.5,0.009280428092912024
0.2,0.9,0.5,0.009361213647539689
0.2,0.9,0.5,0.009586933666928367
0.2,0.9,0.5,0.00955298750583729
0.2,0.9,0.5,0.009532203118441818
0.3,0.4,0.5,0.00956104879181839
0.3,0.4,0.5,0.009318565520780125
0.3,0.4,0.5,0.009420672611936652
0.3,0.4,0.5,0.00961447425811584
0.3,0.4,0.5,0.009632822289952898
0.3,0.4,0.5,0.009332483870853238
0.3,0.4,0.5,0.009619689409326997
0.3,0.4,0.5,0.009388762722538318
0.3,0.4,0.5,0.009607508020523136
0.3,0.4,0.5,0.009651849636061036
0.3,0.4,0.5,0.009487645328095044
0.3,0.4,0.5,0.009448834600623561
0.3,0.4,0.5,0.009586447897036957
0.3,0.4,0.5,0.009558006332484568
0.3,0.4,0.5,0.009359521220964305
0.3,0.4,0.5,0.009534557672957557
0.3,0.4,0.5,0.009505452830054419
0.3,0.4,0.5,0.009680678749110916
0.3,0.4,0.5,0.009311201507179522
0.3,0.4,0.5,0.009635217127462401
0.3,0.5,0.5,0.009598808425612084
0.3,0.5,0.5,0.009343074419371924
0.3,0.5,0.5,0.009626523775342179
0.3,0.5,0.5,0.009430611680642173
0.3,0.5,0.5,0.009571518705589383
0.3,0.5,0.5,0.009654216084742392
0.3,0.5,0.5,0.009529855303104793
0.3,0.5,0.5,0.009467146034257383
0.3,0.5,0.5,0.009609679197598623
0.3,0.5,0.5,0.00945914888004538
0.3,0.5,0.5,0.009590134999211675
0.3,0.5,0.5,0.009644029487864714
0.3,0.5,0.5,0.009501460807732048
0.3,0.5,0.5,0.009581358403389402
0.3,0.5,0.5,0.009640283716011762
0.3,0.5,0.5,0.009580325794152945
0.3,0.5,0.5,0.009441134059450483
0.3,0.5,0.5,0.009549788097870876
0.3,0.5,0.5,0.009557441044171491
0.3,0.5,0.5,0.00955886947657661
0.3,0.6,0.5,0.009581087500618672
0.3,0.6,0.5,0.009617757646633923
0.3,0.6,0.5,0.009588726317481467
0.3,0.6,0.5,0.009579713512310574
0.3,0.6,0.5,0.00965094421151912
0.3,0.6,0.5,0.009450208362639613
0.3,0.6,0.5,0.009604882693341567
0.3,0.6,0.5,0.009570653959772161
0.3,0.6,0.5,0.009622259984387099
0.3,0.6,0.5,0.00963866444021394
0.3,0.6,0.5,0.009536560852095045
0.3,0.6,0.5,0.009589407783696624
0.3,0.6,0.5,0.009586447520531678
0.3,0.6,0.5,0.009645582620286168
0.3,0.6,0.5,0.009537265092242252
0.3,0.6,0.5,0.009618062128336761
0.3,0.6,0.5,0.009712158590879247
0.3,0.6,0.5,0.009069852448131412
0.3,0.6,0.5,0.009576390438713405
0.3,0.6,0.5,0.009636074454380736
0.3,0.7,0.5,0.009442424005370542
0.3,0.7,0.5,0.009544763661846036
0.3,0.7,0.5,0.00967241686874022
0.3,0.7,0.5,0.00953807396795816
0.3,0.7,0.5,0.009620489391942919
0.3,0.7,0.5,0.009686546928137942
0.3,0.7,0.5,0.009445660217486053
0.3,0.7,0.5,0.009502719419076463
0.3,0.7,0.5,0.009567748334450468
0.3,0.7,0.5,0.009534285695373096
0.3,0.7,0.5,0.009601748395274255
0.3,0.7,0.5,0.009630252365868456
0.3,0.7,0.5,0.009721445924744753
0.3,0.7,0.5,0.009532438419703299
0.3,0.7,0.5,0.00956134609556811
0.3,0.7,0.5,0.009517268228051467
0.3,0.7,0.5,0.009567488236515063
0.3,0.7,0.5,0.009625377779002955
0.3,0.7,0.5,0.009554389303553274
0.3,0.7,0.5,0.009527208568440065
0.3,0.8,0.5,0.009590340373040969
0.3,0.8,0.5,0.009434418716564648
0.3,0.8,0.5,0.009451217587935424
0.3,0.8,0.5,0.009648998028747233
0.3,0.8,0.5,0.00952496657470094
0.3,0.8,0.5,0.00952714136450112
0.3,0.8,0.5,0.00948979262680418
0.3,0.8,0.5,0.009705758467432062
0.3,0.8,0.5,0.009592489323255555
0.3,0.8,0.5,0.009644411836469899
0.3,0.8,0.5,0.009570176182608792
0.3,0.8,0.5,0.00953467571954156
0.3,0.8,0.5,0.009620041633999803
0.3,0.8,0.5,0.009692219659845385
0.3,0.8,0.5,0.009683059662873831
0.3,0.8,0.5,0.009433692399465905
0.3,0.8,0.5,0.00956138425240442
0.3,0.8,0.5,0.009563181147608348
0.3,0.8,0.5,0.009404605138973406
0.3,0.8,0.5,0.009631735567715852
0.3,0.9,0.5,0.009603016668752658
0.3,0.9,0.5,0.009598482930222954
0.3,0.9,0.5,0.009540515504133897
0.3,0.9,0.5,0.009564023904158215
0.3,0.9,0.5,0.009624987651515616
0.3,0.9,0.5,0.009610824769578261
0.3,0.9,0.5,0.009636455125274506
0.3,0.9,0.5,0.00963292407255482
0.3,0.9,0.5,0.00959236877745971
0.3,0.9,0.5,0.00953679401815053
0.3,0.9,0.5,0.009430775889509871
0.3,0.9,0.5,0.009763176914118803
0.3,0.9,0.5,0.009559301369697636
0.3,0.9,0.5,0.00961968875301551
0.3,0.9,0.5,0.009682572650740516
0.3,0.9,0.5,0.009564678143669788
0.3,0.9,0.5,0.009467255707526934
0.3,0.9,0.5,0.009529344222599755
0.3,0.9,0.5,0.009523134505239918
0.3,0.9,0.5,0.009506983632040744
0.4,0.5,0.5,0.00947581760830219
0.4,0.5,0.5,0.00968983699030376
0.4,0.5,0.5,0.009622315926364512
0.4,0.5,0.5,0.009606140315499508
0.4,0.5,0.5,0.009541482979875423
0.4,0.5,0.5,0.009632218213438619
0.4,0.5,0.5,0.00966437091085013
0.4,0.5,0.5,0.009636914856775428
0.4,0.5,0.5,0.00957053105249128
0.4,0.5,0.5,0.009673707489670263
0.4,0.5,0.5,0.009536711739507603
0.4,0.5,0.5,0.009424388321512527
0.4,0.5,0.5,0.009478601598823943
0.4,0.5,0.5,0.009628211638886795
0.4,0.5,0.5,0.009733396590918068
0.4,0.5,0.5,0.009569624343749979
0.4,0.5,0.5,0.009556678573209111
0.4,0.5,0.5,0.009556584079673492
0.4,0.5,0.5,0.009609522364027217
0.4,0.5,0.5,0.00946561440503726
0.4,0.6,0.5,0.009581368022364988
0.4,0.6,0.5,0.009588323371208305
0.4,0.6,0.5,0.009559641435948403
0.4,0.6,0.5,0.00961645744335161
0.4,0.6,0.5,0.00958033537412583
0.4,0.6,0.5,0.009324025779618925
0.4,0.6,0.5,0.009396094306796839
0.4,0.6,0.5,0.009496361507501782
0.4,0.6,0.5,0.009522197939095162
0.4,0.6,0.5,0.009660560786914386
0.4,0.6,0.5,0.00954945500588044
0.4,0.6,0.5,0.0095314317572179
0.4,0.6,0.5,0.009708195773066421
0.4,0.6,0.5,0.00917190873024379
0.4,0.6,0.5,0.009524090506315273
0.4,0.6,0.5,0.009644726956936748
0.4,0.6,0.5,0.00956387091496235
0.4,0.6,0.5,0.009666751918866444
0.4,0.6,0.5,0.009454950078708377
0.4,0.6,0.5,0.009506220440489465
0.4,0.7,0.5,0.0096503289071519
0.4,0.7,0.5,0.009648495405270473
0.4,0.7,0.5,0.009638589983711558
0.4,0.7,0.5,0.009606434320089435
0.4,0.7,0.5,0.009523692941014327
0.4,0.7,0.5,0.009706589979731079
0.4,0.7,0.5,0.009497835922558392
0.4,0.7,0.5,0.009569526796068468
0.4,0.7,0.5,0.009563245481398384
0.4,0.7,0.5,0.009587039694153629
0.4,0.7,0.5,0.009580623613521463
0.4,0.7,0.5,0.00959837171455396
0.4,0.7,0.5,0.009561805290199005
0.4,0.7,0.5,0.009527469193692562
0.4,0.7,0.5,0.009676025580916712
0.4,0.7,0.5,0.009559189660739877
0.4,0.7,0.5,0.00973791605287671
0.4,0.7,0.5,0.009490331088837714
0.4,0.7,0.5,0.009643531446502273
0.4,0.7,0.5,0.009661849306719301
0.4,0.8,0.5,0.00958677655720876
0.4,0.8,0.5,0.00968302150953589
0.4,0.8,0.5,0.009493974764593334
0.4,0.8,0.5,0.00956568412685922
0.4,0.8,0.5,0.009689013256659601
0.4,0.8,0.5,0.009605695591331126
0.4,0.8,0.5,0.009569479818296207
0.4,0.8,0.5,0.009523958534641705
0.4,0.8,0.5,0.009614490463677516
0.4,0.8,0.5,0.00950617996409207
0.4,0.8,0.5,0.009586060160563688
0.4,0.8,0.5,0.009485019689191526
0.4,0.8,0.5,0.00954615882031485
0.4,0.8,0.5,0.009638315152374807
0.4,0.8,0.5,0.009502606314761053
0.4,0.8,0.5,0.009545422963329013
0.4,0.8,0.5,0.009567222766273564
0.4,0.8,0.5,0.009646102830010635
0.4,0.8,0.5,0.009589827999942178
0.4,0.8,0.5,0.00946138099938615
0.4,0.9,0.5,0.009413386294084773
0.4,0.9,0.5,0.009503145153267015
0.4,0.9,0.5,0.009586906795246635
0.4,0.9,0.5,0.009350478108458711
0.4,0.9,0.5,0.00934585637201495
0.4,0.9,0.5,0.009683829385388691
0.4,0.9,0.5,0.009449037031762064
0.4,0.9,0.5,0.009659904127287918
0.4,0.9,0.5,0.009664310235281639
0.4,0.9,0.5,0.00957894440834318
0.4,0.9,0.5,0.009501629621536245
0.4,0.9,0.5,0.009635481985793483
0.4,0.9,0.5,0.009515542726703307
0.4,0.9,0.5,0.009334261082392506
0.4,0.9,0.5,0.009646038366661967
0.4,0.9,0.5,0.009532974623351313
0.4,0.9,0.5,0.009653523390617673
0.4,0.9,0.5,0.009713326246825039
0.4,0.9,0.5,0.009649506866388576
0.4,0.9,0.5,0.00962164108511599
0.5,0.6,0.5,0.009554690509785769
0.5,0.6,0.5,0.009613006808538847
0.5,0.6,0.5,0.00959290538850137
0.5,0.6,0.5,0.00935882140548361
0.5,0.6,0.5,0.009219093873860235
0.5,0.6,0.5,0.009569933196252538
0.5,0.6,0.5,0.00958457725632275
0.5,0.6,0.5,0.009482801289520254
0.5,0.6,0.5,0.00965233591739896
0.5,0.6,0.5,0.009473079458373956
0.5,0.6,0.5,0.009556692909150897
0.5,0.6,0.5,0.009351403172248285
0.5,0.6,0.5,0.009651993444000447
0.5,0.6,0.5,0.009473775873828444
0.5,0.6,0.5,0.009594063773769129
0.5,0.6,0.5,0.009631595867174759
0.5,0.6,0.5,0.009552613908216578
0.5,0.6,0.5,0.009604073033695464
0.5,0.6,0.5,0.00967089987262981
0.5,0.6,0.5,0.009520636102658478
0.5,0.7,0.5,0.00957107922047303
0.5,0.7,0.5,0.009530700564597417
0.5,0.7,0.5,0.009508229232463252
0.5,0.7,0.5,0.00964579714326355
0.5,0.7,0.5,0.00943028562016458
0.5,0.7,0.5,0.009406049417228784
0.5,0.7,0.5,0.009696291599007291
0.5,0.7,0.5,0.009559395775081962
0.5,0.7,0.5,0.009563952222095941
0.5,0.7,0.5,0.0095113781599309
0.5,0.7,0.5,0.009546600268390323
0.5,0.7,0.5,0.009611839024839563
0.5,0.7,0.5,0.009461805067478849
0.5,0.7,0.5,0.009426698644237612
0.5,0.7,0.5,0.009567748371263372
0.5,0.7,0.5,0.009549420086360845
0.5,0.7,0.5,0.009328229480930636
0.5,0.7,0.5,0.009671502082826565
0.5,0.7,0.5,0.00968363244312739
0.5,0.7,0.5,0.009661795857995766
0.5,0.8,0.5,0.009545311630576769
0.5,0.8,0.5,0.009570850601350213
0.5,0.8,0.5,0.009570328478574782
0.5,0.8,0.5,0.009535637709114923
0.5,0.8,0.5,0.009712904910064591
0.5,0.8,0.5,0.009514466808563948
0.5,0.8,0.5,0.009640486892669014
0.5,0.8,0.5,0.009563185415435988
0.5,0.8,0.5,0.009598982548831906
0.5,0.8,0.5,0.009446376117669901
0.5,0.8,0.5,0.009644626895454003
0.5,0.8,0.5,0.009485024133457717
0.5,0.8,0.5,0.0095206779747107
0.5,0.8,0.5,0.009659175009775261
0.5,0.8,0.5,0.009471601905448457
0.5,0.8,0.5,0.009643946180888603
0.5,0.8,0.5,0.009514973158870095
0.5,0.8,0.5,0.009321321771408425
0.5,0.8,0.5,0.009593312657495173
0.5,0.8,0.5,0.00953535527210691
0.5,0.9,0.5,0.00958820942860966
0.5,0.9,0.5,0.009608878303861413
0.5,0.9,0.5,0.009561854355702327
0.5,0.9,0.5,0.009654802118127963
0.5,0.9,0.5,0.00956072484517893
0.5,0.9,0.5,0.009323627990110144
0.5,0.9,0.5,0.009632721642152198
0.5,0.9,0.5,0.009507539856674994
0.5,0.9,0.5,0.009539038747652284
0.5,0.9,0.5,0.009653514884262648
0.5,0.9,0.5,0.009670386043697611
0.5,0.9,0.5,0.009601693722232388
0.5,0.9,0.5,0.009643227128525188
0.5,0.9,0.5,0.00964206378549624
0.5,0.9,0.5,0.009515187530502138
0.5,0.9,0.5,0.009523628126463991
0.5,0.9,0.5,0.009710585231314845
0.5,0.9,0.5,0.00953460907035501
0.5,0.9,0.5,0.009569704331101542
0.5,0.9,0.5,0.009584314458461253
0.6,0.7,0.5,0.009575558869719426
0.6,0.7,0.5,0.009680249705952236
0.6,0.7,0.5,0.00961871255635345
0.6,0.7,0.5,0.009625194249942709
0.6,0.7,0.5,0.009606462287879257
0.6,0.7,0.5,0.00959045820357202
0.6,0.7,0.5,0.009663271302804205
0.6,0.7,0.5,0.009638109096584748
0.6,0.7,0.5,0.009586522718810903
0.6,0.7,0.5,0.009508773746540196
0.6,0.7,0.5,0.009404525756570477
0.6,0.7,0.5,0.009580649472204762
0.6,0.7,0.5,0.009608915669799238
0.6,0.7,0.5,0.009531611661000368
0.6,0.7,0.5,0.009463768409307427
0.6,0.7,0.5,0.009572207923125249
0.6,0.7,0.5,0.009527215324216468
0.6,0.7,0.5,0.009570449706937344
0.6,0.7,0.5,0.009527175296437288
0.6,0.7,0.5,0.009626259713652776
0.6,0.8,0.5,0.009553092457052444
0.6,0.8,0.5,0.009475604469777403
0.6,0.8,0.5,0.009593289325929155
0.6,0.8,0.5,0.009362333147486168
0.6,0.8,0.5,0.009459493983320851
0.6,0.8,0.5,0.009580358530128246
0.6,0.8,0.5,0.009517792947412437
0.6,0.8,0.5,0.009614109064938661
0.6,0.8,0.5,0.009550177395033367
0.6,0.8,0.5,0.00943922821031388
0.6,0.8,0.5,0.009530241018624385
0.6,0.8,0.5,0.009592022965885435
0.6,0.8,0.5,0.009303830449852073
0.6,0.8,0.5,0.009534314891127526
0.6,0.8,0.5,0.009513700126409454
0.6,0.8,0.5,0.009509634881182479
0.6,0.8,0.5,0.009592712329076318
0.6,0.8,0.5,0.009556513448402183
0.6,0.8,0.5,0.00942648561345627
0.6,0.8,0.5,0.009558359386303722
0.6,0.9,0.5,0.009535514966725306
0.6,0.9,0.5,0.009606683741561536
0.6,0.9,0.5,0.009572366965364922
0.6,0.9,0.5,0.009539138361185723
0.6,0.9,0.5,0.009450062920021087
0.6,0.9,0.5,0.009499613410978375
0.6,0.9,0.5,0.009600033439897192
0.6,0.9,0.5,0.009579148053724437
0.6,0.9,0.5,0.009540461690145134
0.6,0.9,0.5,0.009499731654952317
0.6,0.9,0.5,0.009580816818149788
0.6,0.9,0.5,0.009529752983767245
0.6,0.9,0.5,0.009479129274394107
0.6,0.9,0.5,0.009612620509565541
0.6,0.9,0.5,0.009295747916608529
0.6,0.9,0.5,0.009585897870397774
0.6,0.9,0.5,0.009386961894643102
0.6,0.9,0.5,0.009521559924705958
0.6,0.9,0.5,0.009443321554285898
0.6,0.9,0.5,0.009683778207391119
0.7,0.8,0.5,0.009563186867929542
0.7,0.8,0.5,0.009374186291927947
0.7,0.8,0.5,0.00972097211469082
0.7,0.8,0.5,0.00955591976392494
0.7,0.8,0.5,0.009620882838446893
0.7,0.8,0.5,0.009498974654752688
0.7,0.8,0.5,0.00960760698494162
0.7,0.8,0.5,0.009645905550008138
0.7,0.8,0.5,0.009596210004546699
0.7,0.8,0.5,0.00956394711091767
0.7,0.8,0.5,0.009515795047111702
0.7,0.8,0.5,0.009598511347805379
0.7,0.8,0.5,0.009611122483478108
0.7,0.8,0.5,0.009554506733709296
0.7,0.8,0.5,0.009590186386925246
0.7,0.8,0.5,0.009482252199314015
0.7,0.8,0.5,0.009405347298791267
0.7,0.8,0.5,0.009507258233845354
0.7,0.8,0.5,0.009455113482548778
0.7,0.8,0.5,0.009601509236070999
0.7,0.9,0.5,0.009594398974327978
0.7,0.9,0.5,0.009328136853252263
0.7,0.9,0.5,0.009417187296540487
0.7,0.9,0.5,0.009600455432522631
0.7,0.9,0.5,0.009563488662830473
0.7,0.9,0.5,0.009466541288045792
0.7,0.9,0.5,0.009544494339462535
0.7,0.9,0.5,0.009611880176509872
0.7,0.9,0.5,0.009468151747554793
0.7,0.9,0.5,0.009656624614259203
0.7,0.9,0.5,0.00961313795402788
0.7,0.9,0.5,0.009586661139245044
0.7,0.9,0.5,0.009592131999481354
0.7,0.9,0.5,0.009523664619512597
0.7,0.9,0.5,0.009513090876227101
0.7,0.9,0.5,0.009473383767253209
0.7,0.9,0.5,0.009582598720102161
0.7,0.9,0.5,0.009609221933850016
0.7,0.9,0.5,0.009578963158470458
0.7,0.9,0.5,0.009724887627037167
0.8,0.9,0.5,0.00960117575340688
0.8,0.9,0.5,0.00936691353316014
0.8,0.9,0.5,0.009583534940668725
0.8,0.9,0.5,0.00945137407829169
0.8,0.9,0.5,0.009613190072780178
0.8,0.9,0.5,0.009648863705889958
0.8,0.9,0.5,0.00943306074946449
0.8,0.9,0.5,0.009568225211262027
0.8,0.9,0.5,0.009589112861142566
0.8,0.9,0.5,0.009633755363145109
0.8,0.9,0.5,0.009604659589496696
0.8,0.9,0.5,0.009592499992680635
0.8,0.9,0.5,0.009522608689565601
0.8,0.9,0.5,0.009603073965840689
0.8,0.9,0.5,0.009726360468544392
0.8,0.9,0.5,0.009562097163116689
0.8,0.9,0.5,0.0094026998369462
0.8,0.9,0.5,0.009614589632263247
0.8,0.9,0.5,0.00931602709513698
0.8,0.9,0.5,0.009517189865488608
